–ü–ï–†–°–û–ù–ê–ñ,–°–û–ó–í–ï–ó–î–ò–ï,–£–†–û–ù,–ü–û–î–î–ï–†–ñ–ö–ê,–ë–û–ù–£–°
–ü–†–ò–ú–ï–†,–°1üìç+üíä,"18,00%",-,–ï–°–õ–ò –ò–ì–†–ê–¢–¨ –ü–†–ê–í–ò–õ–¨–ù–û –¢–û –°0 –ò –°1 –ù–ï –ò–ú–ï–Æ–¢ –†–ê–ó–ù–ò–¶–£ –í –£–†–û–ù–ï
–†–ò–ó–õ–ò‚ùÑÔ∏è,–°2,"16,00%",-,–£–õ–¨–¢–£ –ù–£–ñ–ù–û –ù–ê–ñ–ò–ú–ê–¢–¨ –ü–û–°–õ–ï –°–ï–†–ò–ò –£–î–ê–†–û–í –ü–û–î –ï–®–ö–û–ô
,–°3,"21,00%",-,–£–°–õ–û–í–ò–ô –ù–ï–¢!
,–°4üíä,"26,00%",‚ùå,–ù–£–ñ–ù–û –î–ï–õ–ê–¢–¨ –°–ï–†–ò–Æ –ò–ó 5 –£–î–ê–†–û–í. –ò–ù–ê–ß–ï –ü–û–õ–¨–ó–ê –ë–£–î–ï–¢ –ú–ê–õ–ê
,–°5,"5,00%",-,–£–°–õ–û–í–ò–ô –ù–ï–¢!
,–°6üî∂,"71,00%",-,–£ –°–û–°–£–õ–¨–ö–ò –ï–°–¢–¨ –°–í–û–ô –°–¢–ê–¢–£–° = 1 –°–°(–ë–ï–ó –ö–î)
,–°1,-,9–∫ - 36–∫,9–∫ –•–ò–õ–õ–ê –í –û–î–ù–£ –¶–ï–õ–¨. –ó–ê –£–õ–¨–¢ –ú–û–ñ–ù–û –ù–ê –í–°–Æ –ö–û–ú–ê–ù–î–£ –î–ê–¢–¨
–®–ê–†–õ–û–¢–¢–ê‚ùÑÔ∏è,–°2,"2,7 - 8%",2–∫,"–ù–ê –ë–û–°–°–ï +2.7%, –ü–†–û–¢–ò–í –¢–û–õ–ü–´ +8%. +2–∫ –•–ò–õ–õ –ò–ó-–ó–ê –°–ê"
,–°3,"4,00%",17–∫,"–°–ò–õ–¨–ù–ï–ï –•–ò–õ–õ –°–£–ú–ú–ê–†–ù–û –ü–ê–ß–ö–ï –ù–ê 17–∫, –∞ –û–î–ù–£ –¶–ï–õ–¨ 5–∫"
,–°4üî∂,"3,00%",-,–î–ê–Å–¢ 10 –≠–ù–ï–†–ì–ò–ò –ó–ê –£–õ–¨–¢
,–°5,"15,00%",-,–£–°–õ–û–í–ò–ô –ù–ï–¢!
,–°6üìç,"38,00%",3–∫,3–∫ –•–ò–õ–õ –≤ –û–î–ù–£ –¶–ï–õ–¨. –£–î–ê–† –ò–ú–ï–ï–¢ = 1 –°–°(–ë–ï–ó –ö–î)
–ü–†–ò–ú–ï–†,–°1üìç,"37,00%","14,00%",–ü–ï–†–¨–Ø –ù–ï –°–£–ú–ú–ò–†–£–Æ–¢–°–Ø. –ü–û–≠–¢–û–ú–£ –ù–ï –ù–ê–ñ–ò–ú–ê–ï–ú –°–†–ê–ó–£ –î–í–ï!
–®–≠–ù–¨ –•–≠‚ùÑÔ∏è,–°2üî∂,"21,00%","4,00%",–î–û–ü. –£–î–ê–†–´ –£–õ–¨–¢–´ + –ë–ê–§–§ = –•–û–†–û–®–ê–Ø –ö–û–ù–°–¢–ê!
,–°3,"16,00%","6,00%",–ò –£–†–û–ù –†–ê–°–¢–Å–¢ –ò –ë–ê–§–§ –°–ò–õ–¨–ù–ï–ô. –ù–ï –ü–õ–û–•–û!
,–°4,"15,00%",-,–ù–ê –°–ê–ú–û–ú –î–ï–õ–ï –ë–ê–§–§ –ù–ï –ü–õ–û–•–û–ô! –ï–®–ö–ê –•–û–¢–¨ –ù–ï–ú–ù–û–ì–û –£–†–û–ù –î–ê–Å–¢
,–°5,"13,00%",-,–ü–û–†–ï–ó–ö–ê –£–ñ–ï –ù–ï –°–¢–ê–ù–û–í–ò–¢–¨–°–Ø –õ–£–ß–®–ï...
,–°6,-,"8,00%",–ö–û–†–û–ß–ï –¢–£–¢ –í–°–Å –°–õ–û–ñ–ù–û... –ó–ù–ê–ß–ò–¢ –ü–ò–®–£ –í –ó–ê–ú–ï–¢–ö–ò!
–ü–†–ò–ú–ï–†,–°1,"8,00%",-,"–¢–ò–ü–ê –í–¢–û–†–ê–Ø –ï–®–ö–ê, –ù–û –ü–û –°–í–û–ï–ú–£!"
–ê–Ø–ö–ê‚ùÑÔ∏è,–°2üî∂,"24,00%",-,–ß–ê–°–¢–ï–ù–¨–ö–û –ú–ê–õ–´–®–ò –£–õ–ï–¢–ê–Æ –í–ü–ï–†–Å–î. –ù–û –ê –¢–ê–ö –¢–û–ü –ö–û–ù–°–¢–ê!
,–°3,"15,00%",-,–£–°–õ–û–í–ò–ô –ù–ï–¢!
,–°4üî∂,"23,00%","8,00%","–ü–û–†–ï–ó–ö–ê –ö–û–ù–ï–ß–ù–û –¢–û–ü –ü–û–°–õ–ï –£–õ–¨–¢–´, –ù–û –î–õ–ò–¢–°–Ø –ù–ï –í–ï–ß–ù–û..."
,–°5,"3,00%",-,–£–°–õ–û–í–ò–ô –ù–ï–¢!
,–°6,"10,00%",-,–ï–°–õ–ò –î–ï–õ–ê–¢–¨ 2 –ó–ê–†–Ø–ñ. –ü–û–î –ë–ê–§–§–û–ú –¢–û –ë–£–î–ï–¢ +20% –ü–†–ò–ë–ê–í–ö–ò!
–ü–†–ò–ú–ï–†,–°1,"12,00%","6,00%",–ü–û–†–ï–ó–ö–ê + –ï–ù–ï–†–ì–ò–Ø! –ó–í–£–ß–ò–¢ –•–û–†–û–®–û! –ñ–ê–õ–¨ –ù–ï –°–†–ê–ó–£ –ü–†–û–ö–ê–ï–¢...
–ì–ê–ù–¨ –Æ–ô‚ùÑÔ∏è,–°2üíä,"14,00%",-,–î–í–ï –ï–®–ö–ò - –í–ï–ß–ù–ê–Ø –ö–õ–ê–°–°–ò–ö–ê!
,–°3,"6,00%",-,–£–°–õ–û–í–ò–ô –ù–ï–¢!
,–°4,"5,00%","6,00%",–ù–ï –ü–õ–û–•–û–ô –ë–ê–§–§! –ù–û –°–ù–ï–ü-–®–û–¢ –ù–ï –†–ê–ë–û–¢–ê–ï–¢ –ù–ê –ù–ï–ì–û!
,–°5,"4,00%",-,–£–°–õ–û–í–ò–ô –ù–ï–¢!
,–°6üíä,"45,00%",-,–°–†–ê–ó–£ 2 –ó–ê–†–Ø–ñ–ö–ò. –ó–í–£–ß–ò–¢ –í–ö–£–°–ù–û! +2 —Å–µ–∫. –†–û–¢–ê–¶–ò–ò –°–¢–û–Ø–¢ –¢–û–ì–û!
,–°1üìç,15–ï,-,–î–õ–Ø –î–ò–û–ù–´ –í–ó–†–´–í –°–¢–ò–•–ò–ô - –≠–¢–û –í–°–Å! –û–ß–ï–ù–¨ –ü–û–õ–ï–ó–ù–û!
–î–ò–û–ù–ê‚ùÑÔ∏è,–°2,-,"1,1–∫",–ö–û–û–ü –©–ò–¢–û–ö –ò +1–∫ –ö–†–ï–ü–ö–û–°–¢–¨. –°–ò–õ–¨–ù–û –ö–û–ù–ï–ß–ù–û...
,–°3,"12,00%",1–∫,–£–°–õ–û–í–ò–ô –ù–ï–¢!
,–°4,-,-,–°–ü–ê–°–ò–ë–ê –ë–û–ì–£ –ó–ê –ë–´–°–¢–†–£–Æ –ó–ê–†–Ø–ñ–ï–ù–ù–£–Æ!
,–°5,"6,00%","1,1–∫",–£–°–õ–û–í–ò–ô –ù–ï–¢!
,–°6üìç+üî∂,-,"18,00%",200 –ú–° –≠–¢–û –•–û–†–û–®–û! –ù–û! –ú–ê–õ–û –ö–û–ú–£ –≠–¢–û –ú–û–ñ–ù–û –†–ï–ê–õ–ò–ó–û–í–ê–¢–¨...
,–°1,-,-,–§–ò–ó–£ –í –ú–ê–°–°–´! –ù–û –ù–ï –¢–ê–ö–£–Æ –ö–û–ù–ï–ß–ù–û...
–ö–≠–ô–ê‚ùÑÔ∏è,–°2,-,-,"–¢–û–õ–ü–ê –†–í–Å–¢–°–Ø, –õ–ï–î–ò–®–ö–ò –ö–†–£–¢–Ø–¢–¨–°–Ø! –ù–£ –ê –¢–ê–ö –ù–ê –ë–û–°–°–ê–• –¢–ê–ö–û–ï..."
,–°3,"3,00%",-,–£–°–õ–û–í–ò–ô –ù–ï–¢!
,–°4,-,"6,5–∫",–©–ò–¢ –†–ê–ë–û–¢–ê–ï–¢ –ù–ê –í–°–ï–•. –ù–û –ü–û –§–ê–ö–¢–£ –ù–ï –ù–£–ñ–ï–ù...
,–°5,"15,00%",-,–£–°–õ–û–í–ò–ô –ù–ï–¢!
,–°6üìç+üî∂,"27,00%",-,–î–û–ü. –°–û–°–£–õ–¨–ö–ê –≠–¢–û –•–û–†–û–®–û! –≠–¢–û –£–†–û–ù \ –°–¢–ê–¢–£–° = –ò–ú–ë–ê!
,–°1,-,2.5–∫,–ü–†–û–ß–ù–û–°–¢–¨ –©–ò–¢–ê –•–û–†–û–®–û –†–ê–°–¢–Å–¢! –¢–ê–ö –ñ–ï –©–ò–¢ –í –ö–û–û–ü
–õ–ê–ô–õ–ê‚ùÑÔ∏è,–°2üî∂,-,-,8-12 –≠–ù–ï–†–ì–ò–ò –í –°–†–ï–î–ù–ï–ú –ó–ê 1 –ï–®–ö–£! –≠–¢–û –û–ß–ï–ù–¨ –ü–†–ò–Ø–¢–ù–û!
,–°3,"1,00%",3.5–∫,–ü–†–û–ß–ù–û–°–¢–¨ –©–ò–¢–ê –†–ê–°–¢–Å–¢ –°–ò–õ–¨–ù–ï–ï –ß–ï–ú –û–¢ –°1
,–°4,-,3.5%,–ë–ê–§–§ –°–õ–ê–ë–û–í–ê–¢–´–ô. –ò –ê–ö–¢–ò–í–ò–†–£–ï–¢–°–Ø –í–°–ï–ì–û 3 –†–ê–ó
,–°5,"15,00%",-,–£–°–õ–û–í–ò–ô –ù–ï–¢!
,–°6üìç,"51,00%",-,–•–û–¢–¨ –ö–ê–ö-–¢–û –†–ê–°–¢–Å–¢ –£–†–û–ù! –ò –£–õ–£–ß–®–ê–ï–¢ –°2 –∏ –°4 –û–¢ –ß–ê–°–¢–û–ô –ï–®–ö–ò
,–°1,-,5–∫,–í –¢–ï–û–†–ò–ò –ö–û–õ–ò–ß–ï–°–¢–í–û –¢–ò–ö–û–í –•–ò–õ–õ–ê –°–¢–ê–ù–ï–¢ –ù–ê 2 –ë–û–õ–¨–®–ï!
–ú–ò–ö–ê‚ùÑÔ∏è,–°2,-,"4,00%",–ü–†–û–°–¢–û +1 –°–¢–ê–ö –ü1
,–°3,-,"13,5–∫",–î–û–ü. –•–ò–õ–õ –ò –ù–ò–ß–ï–ì–û –ë–û–õ–¨–®–ï!
,–°4üî∂,-,15–ï,"15–ï –ö–û–ú–£-–¢–û. –ù–£ –ß–ê–©–ï –ö–û–ù–ï–ß–ù–û –î–î, –ù–û –í–°–ï–ú –ü–û –ß–£–¢–¨-–ß–£–¢–¨!"
,–°5,"1,00%",-,3% –°–ö–û–†–û–°–¢–ò –í–û–û–ë–©–ï –ù–ï –ß–£–°–¢–í–£–ï–®–¨...
,–°6üìç,-,"17,00%",–§–ò–ó. –ö–†–ò–¢ –ö–û–ù–ï–ß–ù–û –¢–û–ü! –ù–û 5–π –°–¢–ê–ö –ü–†–û–¢–ò–í –ë–û–°–°–ê –ù–ï –ü–û–õ–£–ß–ò–¢–¨!
,–°1,-,-,–£–î–ê–†–´ –ë–´–°–¢–†–ï–ï –ü–û–°–õ–ï –ö–†–ò–¢–û–í? –í–û–ü–†–û–° –ó–ê–ß–ï–ú?
–†–û–ó–ê–†–ò–Ø‚ùÑÔ∏è,–°2,"20,00%",-,–î–õ–ò–¢–ï–õ–¨–ù–û–°–¢–ò –£–õ–¨–¢–´ = –£–†–û–ù \ –°–¢–ê–¢–£–° = –¢–û–ü!
,–°3,"2,00%",-,–£–°–õ–û–í–ò–ô –ù–ï–¢!
,–°4,5–ï,-,5–ï –ó–ê –ï–®–ö–£ –ó–í–£–ß–ò–¢ –í–ö–£–°–ù–û. –û–°–û–ë–ï–ù–ù–û –í –ë–´–°–¢–†–´–• –†–û–¢–ê–¶–ò–Ø–•!
,–°5,"20,00%",-,–£–°–õ–û–í–ò–ô –ù–ï–¢!
,–°6,-,"7,00%","–ü–û–†–ï–ó–ö–ê –ö–û–ù–ï–ß–ù–û –•–û–†–û–®–û, –ù–û –ü–†–û–í–û–î–ù–ò–ö –°–†–ê–ó–£ –†–ï–ñ–ï–¢ –ë–ê–§–§!"
–ü–†–ò–ú–ï–†,–°1,-,"16,00%","–ë–ê–§–§ –û–°–û–ë–û –ù–ï –°–ò–õ–¨–ù–´–ô, –¢–ê –ò –ü–ï–†–ï–ú–ï–©–ï–ù–ò–ï –û–°–û–ë–û –ù–ï –õ–£–ß–®–ï..."
–°–ò–¢–õ–ê–õ–ò‚ùÑÔ∏è,–°2üî∂,"9,00%","35,00%","–ë–ê–§–§ –õ–Æ–¢–ê–Ø –ò–ú–ë–ê! –ß–¢–û –°–ï–ë–Ø –ë–ê–§–§–ê–ï–¢, –ß–¢–û –î–†–£–ì–ò–•!"
,–°3,"2,00%",3–∫,–£–°–õ–û–í–ò–ô –ù–ï–¢!
,–°4,"63,00%",-,"–î–û–ü. –£–î–ê–† –£–õ–¨–¢–´ + –î–õ–ò–¢–ï–õ–¨–ù–û–°–¢–¨ –ï–®–ö–ò, –•–û–¢–Ø –ó–ê–ß–ï–ú?"
,–°5,"7,00%",-,–£–°–õ–û–í–ò–ô –ù–ï–¢!
,–°6üíä+üî∂,"36,00%","18,00%",–†–ê–ë–û–¢–ê–ï–¢ –°–¢–†–ê–ù–ù–û... –ù–û! –ü–û –ò–î–ï–ï –î–ê–Å–¢ –í–ï–ß–ù–´–ô –°–¢–ê–¢–£–°!
–ü–†–ò–ú–ï–†,–°1,"5,50%",-,"15% –®–ö –ö–û–ù–ï–ß–ù–û –ì–£–î, –ù–û! –ë–ê–õ–ê–ù–°–ò–¢–¨ –ï–ì–û –£–ñ–ê–°–ù–û –°–õ–û–ñ–ù–û..."
–§–†–ï–ú–ò–ù–ï‚ùÑÔ∏è,–°2,12–ï,-,"–ü–†–ò –õ–£–ß–®–ò–• –†–ê–°–°–ö–õ–ê–î–ê–• –î–ê–Å–¢ 12–ï, –ß–¢–û –î–õ–Ø –î–î –í–ï–°–¨–ú–ê –ü–û–õ–ï–ó–ù–û!"
,–°3,"5,50%",-,–£–°–õ–û–í–ò–ô –ù–ï–¢!
,–°4,"7,00%",-,"–°–ê –õ–ò–®–ù–Ø–Ø –ù–ï –ë–´–í–ê–ï–¢, –¢–ï–ú –ë–û–õ–ï–ï –ê–ö–¢–ò–í–ê–¶–ò–Ø –õ–ï–ì–ö–ê–Ø!"
,–°5,"12,00%",-,–£–°–õ–û–í–ò–ô –ù–ï–¢!
,–°6,"12,00%",-,"–ö–£ –õ–ò–®–ù–ò–ú –ù–ï –ë–´–í–ê–ï–¢, –¢–ï–ú –ë–û–õ–ï–ï –ê–ö–¢–ò... –°–¢–û–ü!"
–ü–†–ò–ú–ï–†,–°1,16–ï,-,16–ï –≠–¢–û –í –ò–î–ï–ê–õ–ï. –¢–ê–ö-–¢–û –î–ê–ô –ë–û–ì –ü–†–û–°–¢–û –£–õ–¨–¢ –ù–ê–ñ–ê–¢–¨...
–¶–ò –¶–ò‚ùÑÔ∏è,–°2,-,-,–ê–ì–ê! –£–î–ê–†–´! –ö–†–ò–¢–´! –£–°–õ–´–®–ê–õ!
,–°3,"9,00%","1,5–∫",–£–°–õ–û–í–ò–ô –ù–ï–¢!
,–°4,-,-,20% –°–ê –ó–ê–ë–†–ê–¢–¨ –£ –ü–†–û–¢–ò–í–ù–ò–ö–ê –≠–¢–û –ú–ù–û–ì–û. –ù–û... –ó–ê–ß–ï–ú?
,–°5,"9,00%",4–∫,–£–°–õ–û–í–ò–ô –ù–ï–¢!
,–°6,-,-,–í–û–°–ö–†–ï–®–ê–ï–¢ –í–°–ï–• –ü–û–°–õ–ï –£–õ–¨–¢–´... –í–û–¢ –ë–´ –£–õ–¨–¢ –ù–ê–ñ–ê–¢–¨!
,–°1,-,-,–ë–ò–¢–¨? –ï–©–Å –ò –ü–û–°–õ–ï–î–ù–ò–ô –£–î–ê–† –°–î–ï–õ–ê–¢–¨? –ü–û–ù–Ø–õ! –ú–£–°–û–†...
–ß–£–ù –Æ–ù–¨‚ùÑÔ∏è,–°2üíä+üî∂,-,-,"–ü–û–õ–¨–ó–£ –ù–ï –ü–û–°–ß–ò–¢–ê–¢–¨, –ù–û 15% –ö–î –≠–¢–û –ü–†–Ø–ú –ò–ú–ë–ê! –ù–û –í –†–£–ö–ê–•!"
,–°3,"8,00%",-,–£–°–õ–û–í–ò–ô –ù–ï–¢!
,–°4,1–ï,-,1–ï –ó–ê –ö–†–ò–û –£–†–û–ù. –ù–£ –ü–†–Ø–ú –ë–õ–ê–ì–û–î–ê–¢–¨ –ö–ò–¢–ê–ô–°–ö–ê–Ø!
,–°5,"10,00%",-,–£–°–õ–û–í–ò–ô –ù–ï–¢!
,–°6,"24,00%",-,–†–ê–ë–û–¢–ê–ï–¢ –°–¢–ê–ë–ò–õ–¨–ù–û –ò –£–†–û–ù –ü–û–ß–¢–ò –ü–û–Ø–í–ò–õ–°–Ø! –ü–û–ß–¢–ò...
,–°1,-,-,–ê –ì–î–ï?
–≠–õ–û–ô‚ùÑÔ∏è,–°2,-,-,–ù–ï! –†–ï–ê–õ–¨–ù–û –ì–î–ï?
,–°3,-,-,–ö–ò–¢–ê–ô–¶–´ –ë–£–î–£–¢ –ß–¢–û-–¢–û –î–ï–õ–ê–¢–¨?
,–°4,-,-,–î–ê–ô–¢–ï –ó–í–Å–ó–î–´! –ß–ï–†–¢–ò!
,–°5,-,-,–¢–û–õ–¨–ö–û –õ–ï–ì–ï–ù–î–´ –î–û–ñ–î–£–¢–¨–°–Ø!
,–°6,-,-,–ê –ó–ê–ß–ï–ú –¢–´ –≠–¢–û –ß–ò–¢–ê–ï–®–¨?
–ü–†–ò–ú–ï–†,–°1,"12,00%",-,–ü–†–û–°–¢–û –ê–§–§–ò–ö–°. –ü–†–û–°–¢–û –ù–û–†–ú–ê–õ–¨–ù–û
–≠–û–õ–ê‚ùÑÔ∏è,–°2,-,-,–ù–£ –ü–†–ò–ú–ï–†–ù–û! –ù–ò–ß–ï–ì–û –ù–ï –î–ê–Å–¢...
,–°3,"17,00%",-,–£–°–õ–û–í–ò–ô –ù–ï–¢!
,–°4,"3,50%",-,–ë–ê–§–§ –ü–´–õ–¨. –†–ê–ë–û–¢–ê–ï–¢ –†–ï–î–ö–û...
,–°5,"1,00%",-,–£–°–õ–û–í–ò–ô –ù–ï–¢!
,–°6üî∂,"43,00%",-,–í –°–†–ï–î–ù–ï–ú –î–ê–Å–¢ –ú–ù–û–ì–û! –ê –ú–û–ñ–ï–¢ –ï–©–Å –ë–û–õ–¨–®–ï –î–ê–¢–¨!
–ü–†–ò–ú–ï–†,–°1üî∂+üëë,"19,00%",20-60%,–£–°–ò–õ–Ø–ï–¢ –¢–û–õ–¨–ö–û –ö–†–ò–û –£–†–û–ù! –ì–ò–î–†–û –ù–ò–ö–ê–ö –ù–ï –ë–ê–§–§–ê–ï–¢–°–Ø!
–≠–°–ö–û–§–¨–ï‚ùÑÔ∏è,–°2,-,"12,00%","–ï–°–¢–¨ –£–°–õ–û–í–ò–Ø –ë–ò–¢–¨ –ö–†–ò–û –£–†–û–ù–û–ú, –ü–†–ò –ß–Å–ú –î–†–£–ì–ò–ú –ü–ï–†–°–ê–ú"
,–°3,"19,00%",-,–£–°–õ–û–í–ò–ô –ù–ï–¢!
,–°4üî∂,-,39–∫,14 –≠–ù–ï–†–ì–ò + –ö–£–ß–ê –î–û–ü. –•–ò–õ–õ–ê –í –û–î–ù–£ –¶–ï–õ–¨
,–°5,"3,00%",8–∫,–ß–£–¢–¨-–ß–£–¢–¨ –£–†–û–ù–ê \ –ß–£–¢–¨-–ß–£–¢–¨ –•–ò–õ–õ–ê
,–°6üî∂,"69,00%",-,–•–û–†–û–®–ò–ô –ö–ê–†–ú–ê–ù–ù–´–ô –£–†–û–ù –ò –°–¢–ê–¢–£–° / –û–ì–†–ê–ù–ò–ß–ï–ù–ò–ô –ù–ï–¢!
–ü–†–ò–ú–ï–†,–°1,"18,00%",-,–î–û–ü. –ö–†–ò–û –°–¢–ê–¢–£–° –ù–ï –†–ï–®–ê–ï–¢. –ü–†–ò–ë–ê–í–ö–ê –•–û–†–û–®–ê–Ø
–°–ö–ò–†–ö‚ùÑÔ∏è,–°2üî∂,"28,00%",-,"–£–í–ï–õ–ò–ß–ò–í–ê–ï–¢ –£–†–û–ù –ò–õ–ò –£–õ–¨–¢–´, –ò–õ–ò –£–î–ê–†–û–í!"
,–°3,"14,00%",-,–£–°–õ–û–í–ò–ô –ù–ï–¢!
,–°4üî∂,"26,00%",-,–°–ê –õ–ò–®–ù–Ø–Ø –ù–ï –ë–´–í–ê–ï–¢! –ù–ï –ó–ê–ë–´–í–ê–ô–¢–ï –ü–†–û –ë–ê–õ–ê–ù–° –ê–†–¢–û–í!
,–°5,"11,00%",-,–£–°–õ–û–í–ò–ô –ù–ï–¢!
,–°6üî∂,"61,00%",-,–¢–ï–ü–ï–†–¨ –ú–´ –ú–û–ñ–ï–ú –ü–†–û–ô–¢–ò –í–ï–°–¨ –ö–û–ù–¢–ï–ù–¢ –£–õ–¨–¢–û–ô)))
–ü–†–ò–ú–ï–†,–°1üìç+üî∂,"23,00%",-,–£–†–û–ù –¢–û–ü + –°–¢–û–ô–ö–û–°–¢–¨ –¢–û–ü = –ò–ú–ë–ê!
–ê–†–õ–ï–ö–ò–ù–ûüî•,–°2üíä,"16,00%",-,"–†–û–¢–ê–¶–ò–Ø –°–¢–ê–ù–ï–¢ –ü–†–û–©–ï, –ù–û –ù–ï –ë–û–õ–ï–ï. –ù–£ –ò –£–†–û–ù..."
,–°3,"17,00%",-,–ü–†–ò–ë–ê–í–ö–ê –¢–û–ü! –û–°–û–ë–ï–ù–ù–û –ö–ê–ö –î–õ–Ø +3 –¢–ê–õ–ê–ù–¢–ê
,–°4,15–ï,-,–ù–£ –ú–û–ñ–ù–û –£–õ–¨–¢ –ù–ê–ñ–ò–ú–ê–¢–¨ –ö–û–ù–ï–ß–ù–û! –ù–û –í–°–Å –†–ê–í–ù–û –ù–ï –§–ê–ö–¢...
,–°5,"2,00%",-,–£–°–õ–û–í–ò–ô –ù–ï–¢!
,–°6üî∂,"73,00%",-,–ü–û–°–¢–û–Ø–ù–ù–´–ô –ö–†–ò–¢ + –£–õ–¨–¢ –¢–ï–ü–ï–†–¨ –°–ò–õ–¨–ù–´–ô!
,–°1üìç+üëë,"4,00%","5,00%",–≠–¢–û –ë–ê–ó–ê! –≠–¢–û –ó–ù–ê–¢–¨ –ù–ê–î–û!
–ë–ï–ù–ù–ï–¢üî•,–°2,-,-,"30% –í–≠ –ú–ê–õ–û–í–ê–¢–û, –¢–ê –ò –ê–ö–¢–ò–í–ê–¶–ò–Ø –û–ß–ï–ù–¨ –†–ï–î–ö–ê–Ø..."
,–°3,"5,00%",-,–£–°–õ–û–í–ò–ô –ù–ï–¢!
,–°4,-,-,–ù–£... –¢–ï–ü–ï–†–¨ –£ –ù–ê–° –ï–°–¢–¨ –ö–†–£–¢–ê–Ø –ï–®–ö–ê! –ê –ï–©–Å –ß–ê–°–¢–ò–¶ –¢–û–ß–ù–û 3 –ë–£–î–ï–¢
,–°5üëë,"19,00%","4,50%",–•–ò–õ–õ –°–¢–ê–ù–ï–¢ –ù–ï–ú–ù–û–ì–û –õ–£–ß–®–ï+–ë–ê–§–§
,–°6üíä+üî∂,"32,00%","7,00%","–°6 –†–ê–ë–û–¢–ê–ï–¢ –ù–ê –í–°–ï–• –ü–ò–†–û, –ù–ï –¢–û–õ–¨–ö–û –ë–õ–ò–ñ–ù–ò–ö–û–í!"
–ü–†–ò–ú–ï–†,–°1,-,3-8%,–ë–ê–§–§ –í –¶–ï–õ–û–ú –ù–ï –ü–õ–û–•–û–ô! –û–°–û–ë–ï–ù–ù–û –ü–û–î –ù–ê–¢–õ–ê–ù–¶–ê!
–ì–ì - –ü–ò–†–ûüî•,–°2üìç,"21,00%",-,"–î–ê–Å–¢ +4 —Å–µ–∫. –î–õ–ò–¢–ï–õ–¨–ù–û–°–¢–ò –ï–®–ö–ò, –ß–¢–û –í–ê–ñ–ù–û –î–õ–Ø –ù–ê–°!"
,–°3,"12,00%",-,–£–°–õ–û–í–ò–ô –ù–ï–¢!
,–°4,"6,00%",-,–ë–ê–§–§ –†–ê–ë–û–¢–ê–ï–¢ –ù–ï –ù–ê –í–°–Æ –ù–ê–®–£ –†–û–¢–ê–¶–ò–Æ!
,–°5,"11,00%",-,–£–°–õ–û–í–ò–ô –ù–ï–¢!
,–°6üíä,-,-,–ü–û–ú–û–ì–ê–ï–¢ –í–ó–†–´–í–ê–ï–¢–¨ –ë–£–¢–û–ù–´ –ò–õ–ò –ò–ì–†–ê–¢–¨ –ß–ï–†–ï–ó –ü–†–´–ñ–ö–ò
–ü–†–ò–ú–ï–†,–°1,"4,00%",-,–ë–ê–§–§ –ù–ï –û–ß–ï–ù–¨ –°–¢–ê–ë–ò–õ–¨–ù–´–ô... –¢–ê –ò –î–ê–Æ–¢ –ú–ê–õ–û!
–î–ò–õ–Æ–öüî•,–°2,"7,00%",-,"–¢–ê–ö–û–ô –ñ–ï –ö–ê–ö –°1, –¢–û–õ–¨–ö–û –ß–£–¢–¨ –ë–û–õ–¨–®–ï –î–ê–Å–¢!"
,–°3,"5,00%",-,–£–°–õ–û–í–ò–ô –ù–ï–¢!
,–°4üíä,"5,00%",-,–ó–í–£–ß–ò–¢ –ù–ï –ü–õ–û–•–û! –ù–û... –¢–û–õ–ö–£ –ú–ê–õ–û!
,–°5,"6,00%",-,–£–°–õ–û–í–ò–ô –ù–ï–¢!
,–°6üíä,"13,00%",-,"–£–†–û–ù –ö–û–ù–ï–ß–ù–û –†–ê–°–¢–Å–¢ –ù–ï –ü–õ–û–•–û, –ù–û –í–ê–ñ–ù–ï–ô –ù–ï –ü–†–ï–†–´–í–ê–ù–ò–ï!"
–ü–†–ò–ú–ï–†,–°1üî∂+üìç,"30,00%",-,–ë–ê–§–§ –õ–Æ–¢–´–ô! –ë–ï–ó –ï–ì–û –£–†–û–ù–ê –ö–û–ù–ï–ß–ù–û –ú–ê–õ–û–í–ê–¢–û...
–î–≠–•–¨–Øüî•,–°2üíä,"11,00%",-,–ï–®–ö–ê –¢–ï–ü–ï–†–¨ –ê–î–ï–ö–í–ê–¢–ù–ê + –¶–í–ï–¢–ï–ù–ò–ï –¢–û–ñ–ï –•–û–†–û–®–û –í–ó–†–´–í–ê–ï–¢
,–°3,"9,00%",-,–£–°–õ–û–í–ò–ô –ù–ï–¢!
,–°4üî∂,15–ï,-,"–≠–ù–ï–†–ì–ò–ò –í–°–Å –†–ê–í–ù–û –ù–ï –•–í–ê–¢–ï–¢, –ê –•–ò–õ–ê –ò –¢–ê–ö –ö–£–ß–ê –ë–´–õ–û..."
,–°5,"4,00%",-,–ß–£–¢–¨ –õ–£–ß–®–ï –©–ò–¢ –ë–£–î–ï–¢!
,–°6üî∂,"62,00%",-,15 –£–î–ê–†–û–í –¢–ï–ü–ï–†–¨! –°4 –°–¢–ê–õ–û –õ–£–ß–®–ï –ò –£–†–û–ù–ê –ö–£–ß–ê!
–ü–†–ò–ú–ï–†,–°1üíä,"9,00%",-,"–ï–°–õ–ò –£–ë–ò–¢–¨ –•–û–¢–¨ –ö–û–ì–û-–¢–û, –¢–û % –ë–£–î–ï–¢ –ë–û–õ–¨–®–ï! –ê –¢–ê–ö –£–ñ–ï –¢–û–ü!"
–Å–ò–ú–ò–Øüî•,–°2,"15,00%",-,–°–¢–ê–ë–ò–õ–¨–ù–û –ò –°–ò–õ–¨–ù–û! –î–ê–ñ–ï –° –£–õ–¨–¢–´ –î–ê–Å–¢ –ë–ê–§–§!
,–°3,"5,00%",-,–£–°–õ–û–í–ò–ô –ù–ï–¢!
,–°4,-,-,–ú–ê–ö–°–ò–ú–£ –ü–†–ò–ì–û–î–ò–¢–°–Ø –í –î–ê–ë–õ –î–î. –ò –¢–û... –°–û–ú–ù–ò–¢–ï–õ–¨–ù–û!
,–°5,"8,00%",-,–£–°–õ–û–í–ò–ô –ù–ï–¢!
,–°6üíä,"21,00%",-,"–î–û–ü. –£–î–ê–†–´ –ë–£–î–£–¢ –ú–ï–®–ê–¢–¨ –í –ü–ê–†–ï, –ó–ù–ê–ß–ò–¢ –õ–£–ß–®–ï –ü–ï–†–ï–ì–†–£–ó!"
,–°1,17–∫,-,–ü–†–ò–Ø–¢–ù–´–ô –•–ò–õ–õ –õ–ò–®–ù–ò–ú –ù–ï –ë–£–î–ï–¢. –ü–û–î –§–£–†–£ –ò –û–•–û–¢–ù–ò–ö –¢–û–ü!
–ö–ê –ú–ò–ùüî•,–°2,"8,50%",-,"–ê–ö–¢–ò–í–ê–¶–ò–Ø –õ–ï–ì–ö–ê–Ø, –†–ê–ë–û–¢–ê–ï–¢ –°–¢–ê–ë–ò–õ–¨–ù–û!"
,–°3üëë,"18,00%",-,–£–°–õ–û–í–ò–ô –ù–ï–¢!
,–°4üî∂,12–ï,-,12-14–ï –ó–ê –†–û–¢–ê–¶–ò–Æ! –î–õ–Ø –ö–ê–ú–ò–ù–ê –≠–¢–û –ü–†–Ø–ú –ú–ù–û–ì–û!
,–°5,"2,00%",-,–£–°–õ–û–í–ò–ô –ù–ï–¢!
,–°6üî∂+üìç,"37,00%",-,"–£–†–û–ù –î–ò–ö–ò–ô! –ù–û –í–ê–ñ–ù–ï–ô –¢–û, –ß–¢–û –†–ê–£–î–ò–° –ü–†–´–ñ–ö–ê –ë–û–õ–¨–®–ï!"
–ü–†–ò–ú–ï–†,–°1,"16,00%",-,–í –°–†–ï–î–ù–ï–ú –ë–£–î–ï–¢ 10 –ê–ö–¢–ò–í–ê–¶–ò–ô+–¢–ê–ú –°–í–û–ô –°–¢–ê–¢–£–°!
–ö–õ–òüî•,–°2üî∂,"15,00%","11,00%",–¢–ï–ü–ï–†–¨ –ú–û–ñ–ù–û –ò–ì–†–ê–¢–¨ –ö–ê–ö –°–ê–ü! –ò –£–õ–¨–¢ –ù–ï –ù–ê–î–û...
,–°3,"3,50%",-,–£–°–õ–û–í–ò–ô –ù–ï–¢!
,–°4üíä,"15,00%",-,"–ì–õ–ê–í–ù–û–ï –í–û–í–†–ï–ú–Ø –ü–ï–†–ï–ö–õ–Æ–ß–ò–¢–¨–°–Ø, –ê –¢–û –ù–ï –ë–£–î–ï–¢ –í–ó–†–´–í!"
,–°5,"7,50%",-,–£–°–õ–û–í–ò–ô –ù–ï–¢!
,–°6,"7,50%","4,00%","9–ï –í–°–ï–ú –ö–†–û–ú–ï –ö–õ–ò! –í –¶–ï–õ–û–ú –ù–ï –ü–õ–û–•–û, –ù–û –ù–ï –î–õ–Ø –î–î..."
–ü–†–ò–ú–ï–†,–°1,"9,00%",-,"–î–í–û–ô–ù–ê–Ø –ò–ì–†–£–®–ö–ê –ù–ï –ü–õ–û–•–û, –ê –¢–ê–ö + –°–¢–ê–ö –í –ï–®–ö–£!"
–õ–ò–ù–òüî•,–°2,"13,00%",-,–ù–ê –°–ê–ú–û–ú –î–ï–õ–ï –ü–û–õ–£–ß–ò–¢–¨ –ë–ê–§–§ –ù–ï –¢–ê–ö –°–õ–û–ñ–ù–û...
,–°3,"13,00%",-,–£–°–õ–û–í–ò–ô –ù–ï–¢!
,–°4üî∂,"21,50%","10,00%","–ü–û–†–ï–ó–ö–ê –ë–£–î–ï–¢ –•–£–ñ–ï, –í–ï–î–¨ –≠–¢–û –ë–ï–ó –ü–û–†–ï–ó–ö–ò –î–†–£–ì–ò–• –ü–ï–†–°–û–í!"
,–°5,"5,00%",-,–£–°–õ–û–í–ò–ô –ù–ï–¢!
,–°6üî∂,"38,00%",-,"–ü–†–û–°–¢–û –•–û–†–û–®–ê–Ø –°6. –ù–ò –í–ê–£, –ù–ò –§–£..."
–ü–†–ò–ú–ï–†,–°1üî∂,"15,50%",-,–¢–ï–ü–ï–†–¨ –ú–û–ñ–ù–û –ò–ì–†–ê–¢–¨ –°–ü–û–ö–û–ô–ù–û –ë–ï–ó –ù–ê–¢–õ–ê–ù –ü–ï–†–°–û–í
–ú–ê–í–£–ò–ö–êüî•,–°2üî∂+üëë,"41,00%","11,00%",–ü–û–†–ï–ó–ö–ê –ë–†–û–ù–ò –†–ê–ë–û–¢–ê–ï–¢ –¢–û–õ–¨–ö–û –° –ö–ê–†–ú–ê–ù–ê
,–°3,"15,50%",-,–£–°–õ–û–í–ò–ô –ù–ï–¢...
,–°4üî∂+üëë,"17,00%","14,00%",–ë–ê–§–§ –°–¢–ê–ù–û–í–ò–¢–°–Ø –ò–î–ï–ê–õ–¨–ù–´–ú!
,–°5,"12,50%",-,–£–°–õ–û–í–ò–ô –ù–ï–¢...
,–°6üî∂+üëë,"48,00%","11,00%",–ü–û–†–ï–ó–ö–ê –¢–ï–ü–ï–†–¨ –†–ê–ë–û–¢–ê–ï–¢ –ò –ù–ê –ü–û–õ–ï –ë–û–Ø! –¢–û–ü 1 –ö–û–ù–°–¢–ê –ò–ì–†–´!
,–°1,-,-,"–ï–ï–ï! –í–ï–ù–¢–ï–õ–¨ –ö–†–£–¢–ò–¢–¨–°–Ø, –î–ê–ú–ê–ì –ú–£–¢–ò–¢–¨–°–Ø!"
–°–ò–ù–¨ –Ø–ù–¨üî•,–°2üìç,‚ùå,-,–ú–û–ñ–ù–û –ü–û–õ–£–ß–ò–¢–¨ 100% –©–ò–¢! –ù–£ 100% –ö–†–ò–¢... –≠–¢–û –¢–ê–ö–û–ï!
,–°3,"4,00%","1,3–∫",–£–°–õ–û–í–ò–ô –ù–ï–¢...
,–°4,"6,00%","7,00%",–Ø –í–ï–†–Æ! –ß–¢–û –û–ù–ê –ë–£–î–ï–¢ –§–ò–ó. –°–ê–ü–û–ú!
,–°5,"12,00%",-,–£–°–õ–û–í–ò–ô –ù–ï–¢...
,–°6,"21,00%",-,"–ù–£! –£–†–û–ù –ü–†–ò–ë–ê–í–ò–õ–°–Ø, –•–û–¢–¨ –ò –¢–û–õ–ö–£ –°–¢–ê–õ–û –ù–ï –ë–û–õ–¨–®–ï!"
,–°1,"13,00%","13,00%",–ü–û–†–ï–ó–ö–ê –¢–ê–ö –ï–©–Å –ò –î–õ–ò–¢–¨–°–Ø –•–û–†–û–®–û! –¢–û–ü!
–°–Ø–ù –õ–ò–ùüî•,–°2üíä,‚ùå,-,–ú–û–ñ–ï–¢ –ü–û–ö–ê–ó–ê–¢–¨–°–Ø –õ–ò–®–ù–ò–ú! –ù–û –ò–ù–û–ì–î–ê –ü–†–ò–ì–û–ñ–î–ê–ï–¢–°–Ø!
,–°3,"17,00%",-,–£–°–õ–û–í–ò–ô –ù–ï–¢...
,–°4üëë,"19,00%",-,–î–õ–ò–¢–ï–õ–¨–ù–û–°–¢–¨ +4 —Å–µ–∫. –£–õ–¨–¢–´
,–°5,"3,00%",-,–£–°–õ–û–í–ò–ô –ù–ï–¢...
,–°6,"11,00%","6,00%",–ü–ò–†–û –ü–ï–†–°–´ –î–û–í–ê–õ–¨–ù–´! –í –ú–û–ù–û –ü–ò–†–û –¢–û–ü!
,–°1,-,-,–£–ü–†–û–©–ê–ï–¢ –†–û–¢–ê–¶–ò–Æ –ù–ê –¢–û–ú–ï!
–¢–û–ú–êüî•,–°2üìç+üî∂,"10,00%",-,–¢–ï–ü–ï–†–¨ –£ –ù–ê–° –ö–û–ú–§–û–†–¢–ù–´–ô –í–ï–ß–ù–´–ô –©–ò–¢!
,–°3,"1,00%",-,"–©–ò–¢ –°–¢–ê–ù–ï–¢ –ö–†–ï–ü–ß–ï –ò–ú–ï–ù–ù–û –û–¢ –õ–í–õ –¢–ê–õ–ê–ù–¢–ê, –ß–ï–ú –•–ü!"
,–°4üìç+üî∂,15–ï,-,–î–õ–Ø –¢–û–ú–´ –£–õ–¨–¢ –≠–¢–û –í–°–Å! –ü–û–≠–¢–û–ú–£ 15–ï –≠–¢–û –¢–û–ü!
,–°5,"1,00%",-,"–©–ò–¢ –°–¢–ê–ù–ï–¢ –ö–†–ï–ü–ß–ï –ò–ú–ï–ù–ù–û –û–¢ –õ–í–õ –¢–ê–õ–ê–ù–¢–ê, –ß–ï–ú –•–ü!"
,–°6,-,"5,00%","–ü–†–ò–Ø–¢–ù–´–ô –ë–ê–§–§, –ù–û –ù–ï –ë–û–õ–ï–ï..."
–ü–†–ò–ú–ï–†,–°1,‚ùå,-,–ß–ò–°–¢–û –ö–û–ú–§–û–†–¢ –ò –ù–ï –ë–û–õ–ï–ï!
–•–£ –¢–ê–ûüî•,–°2,"11,00%",-,–ù–ï –ó–ê–ë–´–í–ê–ï–ú –ü–†–û –î–û–ü. –°–¢–ê–¢–£–° –ü–û–°–õ–ï –£–õ–¨–¢–´!
,–°3,"10,00%",-,–£–†–û–ù –†–ê–°–¢–Å–¢ –£ –í–°–ï–ì–û –°–†–ê–ó–£!
,–°4,-,"10,00%",–ë–ê–§–§ –ö–†–£–¢–û–ô! –ñ–ê–õ–¨ –¢–û–õ–¨–ö–û –°–ê–ú–û–ô –°–ï–ë–ï –ù–ï –î–ê–Å–¢ –®–ö!
,–°5,"2,00%",-,–£–°–õ–û–í–ò–ô –ù–ï–¢...
,–°6,‚ùå,-,–ê–ö–¢–ò–í–ê–¶–ò–Ø –° –†–ê–ó–†–Ø–î–ê –§–ê–ù–¢–ê–°–¢–ò–ö–ò! –¢–ê –ò –ï–°–õ–ò –°–ú–û–ñ–ï–¢ –¢–û–õ–ö–£ 0
,–°1üî∂,-,12–ï,–î–ê–Å–¢ 6–ï –ö–û–ú–£-–¢–û –ü–†–ò –ü–ï–†–ï–ì–†–£–ó–ï! –í –¶–ï–õ–û–ú 12–ï –ù–ï –õ–ò–®–ù–ò–ï!
–®–ï–í–†–Å–óüî•,–°2,"13,00%",-,–î–ê–Æ–¢ –°–í–û–ô –°–¢–ê–¢–£–°! –ß–¢–û –ê–ö–¢–ò–í–ò–†–£–ï–¢ –ü–ï–†–ï–ì–†–£–ó
,–°3,"4,00%",-,–•–ò–õ–õ –ù–ï–ú–ù–û–ì–û –°–¢–ê–ù–ï–¢ –õ–£–ß–®–ï!
,–°4üíä,"56,00%",-,"–î–í–ï –ï–®–ö–ò –í –¶–ï–õ–û–ú –ù–ï –ü–õ–û–•–û, –ù–û –ù–ï –ú–ê–°–¢ –•–≠–í –ù–ê–ñ–ò–ú–ê–¢–¨"
,–°5,"13,00%",-,–£–°–õ–û–í–ò–ô –ù–ï–¢...
,–°6üî∂+üìç+üëë,"5,00%","18,00%",–ë–ê–§–§ –í –†–ï–ê–õ–¨–ù–û–°–¢–ò –î–õ–ò–¢–¨–°–Ø 20 —Å–µ–∫! –ê –ù–ï 8 —Å–µ–∫...
,–°1,-,-,–î–í–û–ô–ù–û–ô –ü–†–ò–¶–ï–õ! –°–ò–õ–¨–ù–û!
–≠–ú–ë–ï–†üî•,–°2,-,-,–í–ó–û–†–í–ê–¢–¨ –ò–ì–†–£–®–ö–£? –ù–£ –ê –¢–´ –ü–û–ü–†–û–ë–£–ô! –£–î–ê–ß–ò!
,–°3,"13,00%",-,–£–°–õ–û–í–ò–ô –ù–ï–¢...
,–°4,"14,00%",-,2 –ò–ì–†–£–®–ö–ò –£–ñ–ï –ù–ï –ü–õ–û–•–û! –í–û–¢ –ë–´ –í–ó–†–´–í –ï–©–Å –ü–û–ü–ê–õ –ü–û –í–†–ê–ì–£!
,–°5,"8,00%",-,–£–°–õ–û–í–ò–ô –ù–ï–¢...
,–°6,"7,00%","5,00%",–ù–ê –°–ê–ú–û–ú –î–ï–õ–ï –î–õ–ò–¢–ï–õ–¨–ù–û–°–¢–¨ –ù–ï–ú–ù–û–ì–û –ù–ï –•–í–ê–¢–ê–ï–¢!
,–°1,-,-,–ù–ï–ú–ù–û–ì–û –ö–û–ú–§–û–†–¢–ê –ò –ù–ï –ë–û–õ–ï–ï
–Ø–ù–¨ –§–≠–ôüî•,–°2,"5,00%",-,–ë–ê–§–§ –ö–û–ü–ï–ô–ö–ò –ò –†–ê–ë–û–¢–ê–ï–¢ –†–ï–î–ö–û...
,–°3,"1,00%",-,–£–°–õ–û–í–ò–ô –ù–ï–¢...
,–°4,"8,5–∫",-,"–©–ò–¢–û–ö –•–û–†–û–®–ò–ô, –ù–û –°–õ–ï–¢–ê–ï–¢ –°–†–ê–ó–£, –¢–ê–ö –ö–ê–ö –ó–ê–©–ò–¢–´ –ú–ê–õ–û..."
,–°5,"3,50%",-,–£–°–õ–û–í–ò–ô –ù–ï–¢...
,–°6,"9,00%",-,"–ü–û –§–ê–ö–¢–£ –ö–õ–Æ–ß–ï–í–ê–Ø –ú–ï–•–ê–ù–ò–ö–ê, –ù–û –¢–û–õ–ö–£ –í–°–Å –†–ê–í–ù–û –ú–ê–õ–û..."
–ü–†–ò–ú–ï–†,–°1üî∂,"33,00%",20-30%,–•–û–†–û–®–ò–ô –ë–ê–§–§ –°–ï–ë–ï –í–û –¢–¨–ú–ï –ò –°–ò–õ–¨–ù–´–ô –ë–ê–§–§ –ö–û–ú–ê–ù–î–ï –í –°–í–ï–¢–ï
–î–£–†–ò–ùüî•,–°2üî∂,"40,00%",35%,–õ–Æ–¢–ê–Ø –ò–ú–ë–ê –í–°–ï–ô –ü–ê–ß–ö–ï! –£–†–û–í–ï–ù–¨ –°2 –®–ò–õ–û
,–°3,"30,00%",-,–£–°–õ–û–í–ò–ô –ù–ï–¢...
,–°4,"63,00%",-,"–î–õ–Ø –§–û–†–ú–´ –¢–¨–ú–´, –ò–ú–ë–ê –õ–Æ–¢–ê–Ø! –ù–û –í–û–¢ –°–í–ï–¢–õ–ê–Ø –§–û–†–ú–ê –¢–ê–ö–û–ï..."
,–°5,"1,00%",-,–£–°–õ–û–í–ò–ô –ù–ï–¢...
,–°6,142%%,25-30%,–û–ß–ï–†–î–ù–ê–Ø –ò–ú–ë–ê –î–õ–Ø –¢–¨–ú–´. –ù–£ –ò –ö–†–£–¢–ê–Ø –î–õ–Ø –°–í–ï–¢–ê!
–ü–†–ò–ú–ï–†,–°1,"6,00%",-,–ê–ö–¢–ò–í–ê–¶–ò–Ø –¢–ê–ö–û–ï –°–ï–ë–ï... –ë–ê–§–§ –¢–û–ñ–ï –ö–û–ü–ï–ô–ö–ò...
–ê–Ø–¢–ûüíß,–°2,"11,00%",-,–í–û–¢ –≠–¢–û –£–ñ–ï –ü–û–õ–£–ß–®–ï! –û–ú–£–¢ –°–¢–ê–ù–û–í–ò–¢–¨–°–Ø –°–ò–ì–ù–û–ô!
,–°3,"15,00%",-,–õ–£–ß–®–ï –ß–ï–ú –°1 –∏ –°2! –ù–ê–ô–° –ö–û–ù–°–¢–´!
,–°4üî∂,"19,00%",‚ùå,–ù–ï–û–ñ–ò–î–ê–ù–ù–û –¢–û–ü –ö–û–ù–°–¢–ê. –í–¢–û–†–ê–Ø –°6
,–°5,"6,00%",-,–£–°–õ–û–í–ò–ô –ù–ï–¢...
,–°6,"20,00%",-,"–î–û–ü. –°–¢–ê–¢–£–°\–£–†–û–ù = –ö–ê–ß–ï–°–¢–í–ï–ù–ù–û, –ù–û –°–õ–ê–ë–û–í–ê–¢–û..."
,–°1,2–ï,-,–ö–û–ù–°–¢–ê –î–õ–Ø –û–¢–ö–†–´–¢–û–ì–û –ú–ò–†–ê! –í –ë–û–Æ 2–ï –î–ê–°–¢...
–ë–ê–†–ë–ê–†–êüíß,–°2,"1,00%","7,50%","–ë–ê–§–§ –ö–†–£–¢–û–ô –î–õ–Ø –ì–ò–î–†–û –î–î, –ù–ê–ú –¢–ê–ö–û–ï..."
,–°3,-,-,–ï–©–Å –ë–´ –≠–¢–û–¢ –£–õ–¨–¢ –ù–ê–ñ–ò–ú–ê–¢–¨...
,–°4,4–ï,-,4–ï –ó–ê 4 –ó–ê–†–Ø–ñ–ï–ù. –ù–ï –ù–£ –ü–†–û–¢–ò–í –¢–û–õ–ü–´ –¢–û–ü. –ï–©–Å –ë–´ –£–õ–¨–¢ –ù–ê–î–û –ë–´–õ!
,–°5,-,-,–•–ò–õ –°–¢–ê–ù–ï–¢ –ù–ê 20% –õ–£–ß–®–ï. –¢–£–¢ –û–ù –•–û–¢–Ø –ë–´ –ù–ê–ú –ù–£–ñ–ï–ù
,–°6,-,-,–°–¢–†–ê–•–û–í–û–ß–ö–ê –†–ê–ó –í 15 –ú–ò–ù–£–¢. –õ–£–ß–®–ï –ß–ï–ú –£ –¶–ò –¶–ò –ò–õ–ò –î–ê–õ–ò–Ø...
,–°1,8–ï,-,"8–ï –í –ò–î–ï–ê–õ–¨–ù–û–ú –ú–ò–†–ï, –î–õ–Ø –ë–ï–°–ü–û–õ–ï–ó–ù–û–ô –£–õ–¨–¢–´! –ù–ê–ô–°!"
–ì–ì- –ì–ò–î–†–ûüíß,–°2,"18,00%",-,–£–õ–¨–¢ –°–¢–ê–ù–û–í–ò–¢–¨–°–Ø –ß–£–¢–¨ –õ–£–ß–®–ï. 0 —Ö 1 = 0
,–°3,"11,00%",-,–£–°–õ–û–í–ò–ô –ù–ï–¢...
,–°4,2–∫,-,–ü–û–®–Å–õ –ñ–û–°–ö–ò–ô –©–ò–¢! –î–ê–õ–ò–Ø –ó–ê–í–ò–î–£–ï–¢ –¢–ê–ö–û–ú–£ –ì–ò–î–†–û –©–ò–¢–£!
,–°5,"8,00%",-,–£–°–õ–û–í–ò–ô –ù–ï–¢...
,–°6,-,-,–ù–£ –ò –†–ï–®–ò–õ–ò –ù–ê –°6 –ù–ò–ß–ï–ì–û –ù–ï –î–ê–¢–¨! –û–¢–õ–ò–ß–ù–û–ï –†–ï–®–ï–ù–ò–ï –ö–ò–¢–ê–ô–¶–´!
,–°1üî∂,-,-,"–î–ê–Å–¢ –í –°–†–ï–î–ù–ï–ú 15–ï, –ù–û –ú–û–ñ–ï–¢ –î–ê–¢–¨ –î–ê–ñ–ï 20–ï, –ù–û –≠–¢–û –†–ï–î–ö–û!"
–î–ê–õ–ò–Øüíß,–°2,-,"2,5–∫","–©–ò–¢ –õ–£–ß–®–ï –ù–ê 850, –©–ò–¢–û–í –í –°–†–ï–î–ù–ï–ú –ë–£–î–ï–¢ 2-3"
,–°3,"13,00%","2,4–∫","–©–ò–¢ –õ–£–ß–®–ï –ù–ê 800, –©–ò–¢–û–í –í –°–†–ï–î–ù–ï–ú 2-3"
,–°4üìç,-,-,"–î–û–õ–¨–®–ï –£–õ–¨–¢–ê, –î–û–õ–¨–®–ï –ë–ê–§–§, –î–û–õ–¨–®–ï –©–ò–¢–´!"
,–°5,"5,00%",-,–£–†–û–ù –û–°–û–ë–û –ù–ï–¢...
,–°6,-,‚ùå,–í–û–°–ö–†–ï–®–ê–õ–ö–ê –†–ê–ë–û–¢–ê–ï–¢ –¢–û–õ–¨–ö–û –í –£–õ–¨–¢–ï... –ë–ê–§–§ –ü–†–ò–Ø–¢–ù–´–ô!
–ü–†–ò–ú–ï–†,–°1üíä+üìç,"8,00%",-,–ù–ê–ö–û–ù–ï–¶-–¢–û –°–¢–ê–ë–ò–õ–¨–ù–´–ô –£–õ–¨–¢!
–ï –õ–ê–ù–¨üíß,–°2üî∂+üíä,"29,00%",-,"–¢–ï–ü–ï–†–¨ –ü–û –°–¢–ê–¢–£–°–£ –ù–ï –£–°–¢–£–ü–ê–ï–¢ –°–ò–ù–ï–ú–£, –ß–¢–û –ö–†–£–¢–û!"
,–°3,"15,00%",-,–£–°–õ–û–í–ò–ô –ù–ï–¢...
,–°4,"12,00%","8,00%",–ö–†–û–ú–ï –§–£–†–ò–ù–´ –ù–ï –ö–û–ú–£. –ë–û–õ–¨–®–ï –û–¢ –•–ü –ù–ò–ö–¢–û –ù–ï –ò–ì–†–ê–ï–¢ –° –ù–ï–ô
,–°5,"5,00%",-,–£–°–õ–û–í–ò–ô –ù–ï–¢...
,–°6üíä+üî∂,"34,00%",-,–ú–û–ñ–ù–û –¢–ï–ü–ï–†–¨ –ò–ì–†–ê–¢–¨ –ö–ê–ö –î–î! –ü–û–ß–¢–ò –ù–Å–í–ò–ö –ò –ú–£–õ–ê–¢–ö–ê. –ü–û–ß–¢–ò...
,–°1,-,-,"3 —Å–µ–∫. –£–õ–¨–¢–´ –ö–û–ù–ï–ß–ù–û –ü–û–õ–ï–ó–ù–û, –ù–û –ú–ï–•–ê–ù–ò–ö–ê –ë–ê–ó–û–í–ê–Ø"
–ö–ê–ù–î–ê–ö–ò–Øüíß,–°2,"2,00%",-,20% –•–ü –ü–û–°–õ–ï –ï–®–ö–ò –≠–¢–û –°–õ–ò–®–ö–û–ú –ú–ê–õ–û...
,–°3,"8,00%",-,–£–°–õ–û–í–ò–ô –ù–ï–¢...
,–°4,-,-,"–ë–´–°–¢–†–ï–ï –ö–î –ï–®–ö–ò, –ù–ò–ß–ï–ì–û –ù–ê–ú –ù–ï –î–ê–Å–¢..."
,–°5,"10,00%",-,–ë–ê–§–§ –ù–ï –°–¢–ê–ù–û–í–ò–¢–°–Ø –°–ò–õ–¨–ù–ï–ô
,–°6üíä,"127,00%",-,–°6 –ú–ï–®–ê–ï–¢ –ü–†–ò –ò–ì–†–ï –° –ú–£–ê–õ–ê–ù–ò. –ê –¢–ê–ö –£–†–û–ù –•–û–†–û–®–û –ë–£–°–¢–ò–¢
–ü–†–ò–ú–ï–†,–°1üíä,"15,00%",-,–£ –†–´–ë–´ –°–í–û–ô –°–¢–ê–¢–£–° 1 –°–°! –í –°–†–ï–î–ù–ï–ú –ë–£–î–ï–¢ 6 –ê–ö–¢–ò–í–ê–¶–ò–ô
–ö–û–ö–û–ú–òüíß,–°2,-,-,"–ü–û–ß–¢–ò –ù–ò–ö–û–ì–î–ê –ù–ï –ê–ö–¢–ò–í–ò–†–£–ï–¢–°–Ø, –ò–ó-–ó–ê –ß–ï–ì–û –ö–û–ù–°–¢–ê –ú–£–°–û–†"
,–°3,"5,00%",‚ùå,–•–ò–õ–õ –ù–ï –ù–£–ñ–ï–ù...
,–°4,"11,00%",-,–î–ê–Å–ú –ù–ê –û–î–ù–£ –°–ï–†–ò–Æ –ë–û–õ–¨–®–ï –£–î–ê–†–û–í. –≠–ù–ï–†–ì–ò–Ø –ù–ï –ù–£–ñ–ù–ê...
,–°5,"1,00%",‚ùå,–•–ò–õ–õ –ù–ï –ù–£–ñ–ï–ù...
,–°6,"21,00%",-,"–†–ê–ë–û–¢–ê–ï–¢ –°–¢–ê–ë–ò–õ–¨–ù–û, –ù–û –ò–ì–†–ê–Ø –° –§–£–†–ò–ù–û–ô –ü–†–ò–ë–ê–í–ö–ê –ú–ï–ù–¨–®–ï"
–ü–†–ò–ú–ï–†,–°1,-,"8,00%","–ü–†–û–°–¢–û –õ–Å–ì–ö–ò–ô –ë–ê–§–§ –í–°–ï–ú –ì–ò–î–†–û –†–ï–ê–ö–¶–ò–Ø–ú, –ö–†–û–ú–ï –ë–£–¢–û–ù–û–í..."
–ú–û–ù–êüíß,–°2,-,-,–ë–ò–¢–¨ –£–î–ê–†–ê–ú–ò? –ì–î–ï? –î–†–ê–ô–í? –ó–ê–ß–ï–ú? –ü–û–ß–ï–ú–£? –ù–ò–ö–¢–û –ù–ï –ó–ù–ê–ï–¢...
,–°3,"12,00%",-,–ù–£ –ß–ò–°–¢–û –ö–û–†–û–ù–ö–£ –°–≠–ö–û–ù–û–ú–ò–¢–¨
,–°4üî∂,-,"7,00%",15 –®–ö –ù–ê 6 —Å–µ–∫. –ó–í–£–ß–ò–¢ –ì–û–î–ù–û! –ù–ê –£–†–û–í–ù–ï –≠–ü–ò–ö–ê...
,–°5,"6,00%",-,–£–°–õ–û–í–ò–ô –ù–ï–¢...
,–°6,"96,00%",-,"–ï–°–õ–ò –ù–ï–ß–ï–ú –ó–ê–ù–Ø–¢–¨–°–Ø, –¢–û –ú–û–ñ–ù–û –ò –í –®–ò–§–¢–ï 3 —Å–µ–∫. –ü–†–û–í–ï–°–¢–ò!"
–ü–†–ò–ú–ï–†,–°1üî∂,"19,00%",-,–ö–†–£–¢–û–ô –ë–ê–§–§ –£–†–û–ù–ê –ò –ü–ï–†–ï–ú–ï–©–ï–ù–ò–Ø!
–ú–£–ê–õ–ê–ù–òüíß,–°2üíä+üî∂,"23,00%",-,"–ú–û–ñ–ù–û –ò–õ–ò –î–ê–¢–¨ –£–õ–¨–¢ –ë–ï–ó –ü–û–¢–ï–†–¨, –ò–õ–ò 4 –£–î–ê–† –ê–ö–£–õ–´!"
,–°3,"16,00%",-,–£–°–õ–û–í–ò–ô –ù–ï–¢...
,–°4üî∂,"15,00%",-,–°–¢–ê–ë–ò–õ–¨–ù–´–ô –ò –°–ò–õ–¨–ù–´–ô –£–õ–¨–¢!
,–°5,"6,00%",-,–£–°–õ–û–í–ò–ô –ù–ï–¢...
,–°6üî∂,"57,00%",-,–ü–†–û–°–¢–ê–Ø –ò –ö–†–£–¢–ê–Ø –ö–û–ù–°–¢–ê! –õ–ê–ô–ö!
–ü–†–ò–ú–ï–†,–°1üìç+üî∂,"23,00%",-,–ú–ê–°–¢ –•–≠–í –î–õ–Ø –ù–ï–í–ò–ö–ê! –£–†–û–ù\–°–¢–û–ô–ö–û–°–¢–¨ = –ò–ú–ë–ê!
–ù–Å–í–ò–õ–õ–ï–¢üíß,–°2,"12,00%",-,–ü–†–û–°–¢–û –ü–†–ò–Ø–¢–ù–´–ï –ö–†–ò–¢–´
,–°3,"15,00%",-,–£–°–õ–û–í–ò–ô –ù–ï–¢...
,–°4,-,-,"–ù–£ –ß–ò–°–¢–û –ö–û–ù–°–¢–ê –ü–û–î –°6, –ß–¢–û –ë–´ –ì–ò–î–†–ê–ù–¢ –ù–ï –û–°–¢–ê–ù–ê–í–õ–ò–í–ê–õ–°–Ø!"
,–°5,"12,00%",-,–£–°–õ–û–í–ò–ô –ù–ï–¢...
,–°6üíä+üî∂,"65,00%",-,–†–û–¢–ê–¶–ò–Ø 15 —Å–µ–∫. + –í–ï–ß–ù–´–ô –ì–ò–î–†–ê–ù–¢
–ü–†–ò–ú–ï–†,–°1üíä,"15,00%",-,"–î–õ–ò–¢–ï–õ–¨–ù–û–°–¢–¨ –ï–®–ö–ò –î–ê–Å–¢ –°–¢–ê–¢–£–°, –ê –î–î –ß–£–¢–¨ –ë–û–õ–¨–®–ï –î–ê–ú–ê–ñ–ò–¢!"
–ù–ò–õ–£üíß,–°2üî∂,"29,00%","20,00%",–ù–£ –ë–ê–§–§ –ë–ê–ó–ê! –ú–û–©–¨! –¢–£–ü–û –í–°–Æ –ü–ê–ß–ö–£ –õ–Æ–¢–û –ë–ê–§–§–ê–ï–¢...
,–°3,"3,00%",-,–£–°–õ–û–í–ò–ô –ù–ï–¢...
,–°4üî∂,"8,00%",-,–¢–ï–ü–ï–†–¨ –£–õ–¨–¢ –ü–û –ö–î –ò –î–ê–ú–ê–ñ–ò–¢ –°–û–õ–ò–î–ù–û!
,–°5,"10,00%",-,–£–°–õ–û–í–ò–ô –ù–ï–¢...
,–°6üî∂,"50,00%",-,–ö–£–ß–ê –ö–†–ò–¢–û–í –° –ö–ê–†–ú–ê–ù–ê –ú–ù–û–ì–û –ù–ï –î–ê–°–¢! –ê –¢–ê–ö –¢–û–ü!
–ü–†–ò–ú–ï–†,–°1üíä+üìç,"6,00%","34,00%","–ö–ê–ó–ê–õ–û–°–¨ –ë–´! –ë–û–õ–¨–®–ï –•–ò–õ–õ–ê, –ï–©–Å –ë–û–õ–¨–®–ï –ë–ê–§–§–ê! –ù–£ –¢–û–ü! –ù–û..."
–°–ò–î–ñ–í–ò–ùüíß,–°2üî∂,"22,00%","25,00%",–ú–û–ù–û –ì–ò–î–†–û –ü–û–î –≠–°–ö–û... –ñ–ï–°–¢–¨! –ü–û–†–ï–ó–ö–ê –í–°–ï–ì–î–ê –î–ê–Å–¢ –ú–ù–û–ì–û!
,–°3,"4,00%",21–∫,"–•–ò–õ–õ–ê –î–ê–Å–¢ –ù–ï –ú–ù–û–ì–û, –£–†–û–ù –ü–û–ß–¢–ò –ù–ï –†–ê–°–¢–Å–¢... –¢–ê–ö–û–ï –°–ï–ë–ï!"
,–°4üíä+üî∂,"122,00%",-,–ü–û–®–Å–õ –£–†–û–ù! –ü–õ–Æ–° 6 –¢–ò–ö–û–í –£–õ–¨–¢–´ = –°–¢–ê–¢–£–° \ –î–ê–ú–ê–ì = –¢–û–ü!
,–°5,"38,00%",-,–£–°–õ–û–í–ò–ô –ù–ï–¢...
,–°6üî∂,"152,00%",-,–ö–£–ß–ê –ö–†–ò–¢–û–í! –ü–û –ö–õ–ê–°–°–ò–ö–ï –ù–ò–õ–£ –ü–û–®–õ–ò! –û–î–û–ë–†–Ø–ï–ú –°–ê–ü –î–î!
,–°1,-,1–∫,–í–ê–ñ–ù–û –ß–¢–û –≠–¢–û–¢ 4 –ú–ï–ß –î–ê–Å–¢ –¢–û–ñ–ï –°–¢–ê–¢–£–°! –ù–û –í–°–Å –†–ê–í–ù–û –ö–î
–°–ò–ù –¶–Æüíß,–°2üìç+üî∂+üëë,"22,00%","9,00%",–î–õ–ò–¢–ï–õ–¨–ù–û–°–¢–¨ + –ü–û–†–ï–ó–ö–ê! –ò–ú–ë–ê!
,–°3,"17,00%",-,–£–°–õ–û–í–ò–ô –ù–ï–¢...
,–°4,"7,00%",-,–ù–ê–ñ–ê–¢–ò–ï –ï–®–ö–ò –ü–†–û–î–õ–ï–í–ê–ï–¢ –î–õ–ò–¢–ï–õ–¨–ù–û–°–¢–¨ –£–õ–¨–¢–´!
,–°5,"6,00%",-,–£–°–õ–û–í–ò–ô –ù–ï–¢...
,–°6üìç+üî∂,"33,00%",-,–°–¢–ê–¢–£–°\–£–†–û–ù\–≠–ù–ï–†–ù–ì–ò–Ø = –ò–ú–ë–ê –õ–Æ–¢–ê–Ø!
–ü–†–ò–ú–ï–†,–°1üìç,-,-,–†–û–¢–ê–¶–ò–Ø –°–¢–ê–ù–û–í–ò–¢–¨–°–Ø –õ–£–ß–®–ï! –ü–†–ò–Ø–¢–ù–ï–ô –ò–ì–†–ê–¢–¨
–¢–ê–†–¢–ê–õ–¨–Øüíß,–°2,-,-,–≠–ù–ï–†–ì–ò–Ø –ü–û –ü–†–ê–ó–î–ù–ò–ö–ê–ú?! –í–°–Å –õ–£–ß–®–ï–ï –¢–û–†–¢–£!
,–°3,"12,00%",-,–£–°–õ–û–í–ò–ô –ù–ï–¢...
,–°4,"5,00%",-,–î–û–ü. –°–¢–ê–¢–£–° –ò –£–†–û–ù. –¢–ï–ü–ï–†–¨ –ú–´ –ï–©–Å –ö–†–£–ß–ï –ö–ê–ö –î–†–ê–ô–í–ï–†?
,–°5,"8,00%",-,–£–°–õ–û–í–ò–ô –ù–ï–¢...
,–°6,-,-,–ö–î –°–ü–ê–î–ê–ï–¢ –ò –ë–õ–ò–ñ–ù–ï–ô –°–¢–û–ô–ö–ï! –¢–ï–ü–ï–†–¨ –ú–û–ñ–ù–û –ë–´–¢–¨ –î–†–ê–ô–í–ï–†–û–ú!
–ü–†–ò–ú–ï–†,–°1üìç,"9,00%","8,50%",–¢–ï–ü–ï–†–¨ –ú–û–ñ–ù–û –ò–ì–†–ê–¢–¨ –ê–î–ï–ö–í–ê–¢–ù–û –í –°–û–õ–û –•–ò–õ
–§–£–†–ò–ù–êüíß,–°2üî∂,"45,00%",-,"–ë–ê–§–§ –ö–û–ù–ï–ß–ù–û –°–¢–ê–õ –£–î–û–ë–ù–ï–ô, –ù–û –ì–õ–ê–í–ù–û–ï –≠–¢–û –ù–ê–® –£–†–û–ù!"
,–°3üëë,"14,00%","8,50%",–ë–ê–§–§ –ß–£–¢–¨ –õ–£–ß–®–ï!
,–°4üìç,16–ï,-,16–ï –ó–ê –†–û–¢–ê–¶–ò–Æ! –í –¶–ï–õ–û–ú –ù–ï –ü–õ–û–•–û!
,–°5üî∂+üëë,"31,00%",-,–£–°–õ–û–í–ò–ô –ù–ï–¢...
,–°6üíä+üî∂,"59,00%",–†–û–¢–ê–¶–ò–Ø,"–ù–ê–ö–û–ù–ï–¶-–¢–û –ú–û–ñ–ù–û –ò–ì–†–ê–¢–¨ –ö–ê–ö –î–î, –ù–û –ù–ê –°–í–û–ô –†–ò–°–ö!"
,–°1üî∂,"4,00%","5,00%","–ö–†–£–¢–û–ô –ë–ê–§–§ –°–ï–ë–ï –ò –ê–ö–¢–ò–í–ù–û–ú–£, –ß–ò–°–¢–û –ü–û–°–õ–ï –ï–®–ö–ò! –ö–†–£–¢–û!"
–ê–ô–ù–ûüíß,–°2üíä,"13,00%",-,–î–û–ü. –°–¢–ê–¢–£–°. –ò –ö–û–ü–ï–ô–ö–ò –£–†–û–ù–ê. –ü–û–ß–ï–ú–£ –ù–ï–¢? +3 –°–° –ì–ò–î–†–û
,–°3,"3,00%",-,–£–°–õ–û–í–ò–ô –ù–ï–¢...
,–°4,10–ï,-,–î–û–ü. –ï–ù–ï–†–ì–ò–Ø –ü–û–°–õ–ï –ï–®–ö–ò. –ù–£ –ü–û–ô–î–Å–¢!
,–°5,"5,00%",-,–£–°–õ–û–í–ò–ô –ù–ï–¢...
,–°6üî∂,"5,00%","12,00%",–ù–ï –ü–õ–û–•–û–ô –ë–ê–§–§ –§–õ–ò–ù–°–ê\–ò–ù–ï–§–§–´. –ù–£ –ò –ë–£–¢–û–ù–´ –ò –ù–ï–§–ï–†–ü–ò–¢–û
,–°1üî∂,-,15–ï,–°–ò–õ–¨–ù–û –£–ü–†–û–©–ê–ï–¢ –ù–ê–ë–û–† –≠–ù–ï–†–ì–ò–ò!
–ò–ê–ù–°–ê–ù‚ö°Ô∏è,–°2üíä,-,"15,00%",–≠–ö–û–ù–û–ú–ò–¢ –í–†–ï–ú–Ø –ù–ê –ö–ê–°–¢ –ü–†–´–ñ–ö–ê –ü–û–°–õ–ï –ï–®–ö–ò!
,–°3,"7,00%",-,–£–°–õ–û–í–ò–ô –ù–ï–¢
,–°4üìç,-,8–ù–î,–î–ê–Å–¢ –ó–ê –†–û–¢–ê–¶–ò–Æ 8 –ù–û–ß–ù–û–ì–û –î–£–•–ê –ü–û–î –£–õ–¨–¢–£
,–°5üî∂+üëë,"11,00%","4,00%",–õ–ò–ú–ò–¢ –†–ê–°–¢–Å–¢ –° 690 –î–û 810 –ü–†–ò –ö–û–†–û–ù–ö–ï
,–°6üî∂,-,"19,50%",–†–ê–ë–û–¢–ê–ï–¢ –°–¢–ê–ë–ò–õ–¨–ù–û –¢–û–õ–¨–ö–û –° –ù–ê–¢–õ–ê–ù–¶–ê–ú–ò!!!
–ü–†–ò–ú–ï–†,–°1üî∂,"13,00%",-,–ó–ù–ê–ß–ò–¢–ï–õ–¨–ù–û –£–õ–£–ß–®–ê–ï–¢ –ü–ï–†–ï–ú–ï–©–ï–ù–ò–ï –í –ú–ò–†–ï!
–í–ê–†–ï–°–ê‚ö°Ô∏è,–°2üíä,"20,00%",-,–î–ê–Å–¢ 3-—é –ê–ö–¢–ò–í–ê–¶–ò–Æ –ë–´–°–¢–†–û–ô –£–õ–¨–¢–´
,–°3,"9,00%",-,"–ß–ï–ú –ë–û–õ–¨–®–ï –†–ê–ó –ù–ê–ñ–ò–ú–ê–ï–¢–ï –£–õ–¨–¢, –¢–ï–ú –ë–û–õ–¨–®–ï –ü–†–ò–ë–ê–í–ö–ê"
,–°4üíä+üî∂,"27,00%",-,–ü–û–ó–í–û–õ–Ø–ï–¢ –î–ï–õ–ê–¢–¨ –†–ê–ó–ù–û–ë–†–ê–ó–ò–ï –° –£–õ–¨–¢–ê–ú–ò –í –†–û–¢–ê–¶–ò–Ø–•
,–°5,"10,00%",-,–£–°–õ–û–í–ò–ô –ù–ï–¢
,–°6üíä+üî∂,"104,00%",-,–õ–Æ–¢–ê–Ø –ò–ú–ë–ê! –°–¢–ê–ë–ò–õ–¨–ù–´–• 4 –ë–´–°–¢–†–´–• –£–õ–¨–¢–´. –ú–û–ñ–ù–û –î–ê–ñ–ï 5!
,–°1,-,4–∫,–©–ò–¢ –û–ß–ï–ù–¨ –°–õ–ê–ë–´–ô –ò –ü–û –§–ê–ö–¢–£ –û–°–û–ë–û –ù–ï –ü–û–ú–û–ì–ê–ï–¢!
–ë–≠–ô –î–û–£‚ö°Ô∏è,–°2,-,-,–ï–°–¢–¨ –ù–¨–Æ–ê–ù–°! –ó–ê –°–ß–Å–¢ –°2 –¶–ï–ü–ù–ê–Ø –ü–†–´–ì–ê–ï–¢ –ú–ï–ñ–î–£ 2—Ö –í–†–ê–ì–û–í
,–°3,"4,00%",-,–©–ò–¢ –ü–ê–†–ö–ò –°–¢–ê–ù–û–í–ò–¢–°–Ø –õ–£–ß–®–ï
,–°4üíä,‚ùå,-,–í–ï–ì–ï–¢–ê–¶–ò–Æ –≠–¢–ò –£–î–ê–†–´ –ù–ï –ê–ö–¢–ò–í–ò–†–£–Æ–¢
,–°5,"10,00%",-,–©–ò–¢ –ü–û–ì–õ–û–©–ê–ï–¢ –ù–ê 3% –ë–û–õ–¨–®–ï –£–†–û–ù–ê
,–°6üî∂,"13,00%","9,00%",–ü–†–ò–ë–ê–í–ö–ê –î–õ–Ø –ö–û–ú–ê–ù–î–´ –ó–ê–í–ò–°–ò–¢ –û–¢ –ü–ê–ß–ö–ò!!!
,–°1,"8,00%",-,–•–û–¢–¨ –ê–ü–¢–ê–ô–ú –ù–ï –ò–î–ï–ê–õ–¨–ù–´–ô! –ù–û –†–ê–ë–û–¢–ê–ï–¢ –°–¢–ê–ë–ò–õ–¨–ù–û!
–û–†–û–†–û–ù‚ö°Ô∏è,–°2,4-8%,-,"–ù–ê –ë–û–°–°–ê–• –î–ê–Å–¢ 2 –°–¢–ê–ö–ê, –ü–†–û–¢–ò–í –¢–û–õ–ü–´(3 –Æ–ù–ò–¢–ê) 4 –°–¢–ê–ö–ê"
,–°3,"4,00%",-,–£–°–õ–û–í–ò–ô –ù–ï–¢
,–°4,"8,00%",-,–≠–ù–ï–†–ì–ò–Ø –•–û–†–û–®–û. –ù–û –°–¢–ê–¢–£–°–ê –î–û–ü–û–õ–ù–ò–¢–ï–õ–¨–ù–û –ù–ï –î–ê–Å–¢...
,–°5,1.5%,-,–£–°–õ–û–í–ò–ô –ù–ï–¢
,–°6üî∂,"14,00%","9,00%",3% –ó–ê 1 –°–¢–ê–ö –ê–ö–¢–ò–í–ù–û–ú–£ | –í –°–†–ï–î–ù–ï–ú –°–£–ú–ú–ê–†–ù–û 5 –°–¢–ê–ö–û–í –ü–ê–ß–ö–ï
–ü–†–ò–ú–ï–†,–°1,"8,00%",-,–í –¢–ï–û–†–ò–ò –î–ê–Å–¢ –ú–ù–û–ì–û! –ù–û –ù–ê –î–ï–õ–ï –ï–°–¢–¨ –ú–ù–û–ì–û –ù–¨–Æ–ê–ù–°–û–í!
–†–ê–ô–î–≠–ù‚ö°Ô∏è,–°2üî∂,"37,00%",-,–¢–û–ñ–ï –°–ê–ú–û–ï –ß–¢–û –ò –°1
,–°3,"22,00%",-,–¢–û–ñ–ï –°–ê–ú–û–ï –ß–¢–û –ò –°1\–°2
,–°4,-,12-20%,"–ë–ê–§–§ –ù–ï–î–û–û–¶–ï–ù–Å–ù. –î–ê–Å–¢ –ú–ù–û–ì–û, –•–û–¢–¨ –ù–ï –í–°–ï–ì–î–ê"
,–°5,"4,00%",-,"–ù–ê 9 –õ–í–õ –£–ñ–ï –ü–ò–ö –ë–ê–§–§–ê, –ü–û–≠–¢–û–ú–£ –ü–†–ò–ë–ê–í–ö–ê –ú–ê–õ–ê–Ø"
,–°6üíä,-,‚ùå,"5 —Å–µ–∫. –° –£–õ–¨–¢–´ –°–†–ï–ó–ê–¢–¨ –ó–í–£–ß–ò–¢ –•–û–†–û–®–û, –ù–û –ù–ê –î–ï–õ–ï –¢–ê–ö–û–ï –°–ï–ë–ï"
–ü–†–ò–ú–ï–†,–°1üî∂,24–ï,-,–ü–†–û–ë–õ–ï–ú–£ –°–û –°–¢–ê–ë–ò–õ–¨–ù–û–°–¢–¨ –í–°–Å –†–ê–í–ù–û –ù–ï –†–ï–®–ê–ï–¢!
–Ø–≠ –ú–ò–ö–û‚ö°Ô∏è,–°2üíä,"16,00%",-,"–£–í–ï–õ–ò–ß–ò–í–ê–ï–¢ –†–ê–î–£–° –ü–û–ü–ê–î–ê–ù–ò–Ø –ï–®–ö–û–ô, –ß–¢–û –û–ß–ï–ù–¨ –£–î–û–ë–ù–û!"
,–°3,"14,00%",-,–£–°–õ–û–í–ò–ô –ù–ï–¢
,–°4üî∂,"11,00%","10,00%","–ü–û–ß–¢–ò –í–°–ï–ì–î–ê –ö–û–ì–û-–¢–û –ë–ê–§–§–ê–ï–¢ –ï–©–Å, –ê –ó–ù–ê–ß–ò–¢ 21% –°–£–ú–ú–ê–†–ö–ò"
,–°5,"7,00%",-,"–£–õ–¨–¢–ê –¢–û –ö–û–ù–ï–ß–ù–û –î–ê–ú–ê–ñ–ò–¢, –í–û–¢ –¢–û–õ–¨–ö–û –ù–ê–ñ–ê–¢–¨ –ï–Å..."
,–°6üî∂,"43,00%",-,–ü–û–†–ï–ó–ö–ê –ë–ê–§–§–ê–ï–¢ –ü–†–ò–õ–ò–ß–ù–û!
,–°1,"1,00%",-,–≠–¢–ò–• –í–´–°–¢–†–ï–õ–û–í –¢–û–õ–ö–û–ú –ò –ù–ï–¢... –£–õ–¨–¢ –ù–ê–ñ–ê–¢–¨ –ù–ê–î–û!
–°–ï–¢–û–°‚ö°Ô∏è,–°2,"15,00%",-,–†–ê–ë–û–¢–ê–ï–¢ –•–û–†–û–®–û –ò –°–¢–ê–ë–ò–õ–¨–ù–û!
,–°3,"4,00%",-,–ù–ê –°6 –õ–£–ß–®–ï –†–ê–ë–û–¢–ê–ï–¢!
,–°4,"10,00%","5,00%","10% –≠–¢–û –ï–°–õ–ò –ê–ö–¢–ò–í–ò–†–û–í–ê–¢–¨, –ê –¢–£–¢ –£–ñ–ï –ö–ê–ö –ü–û–í–ï–ó–Å–¢!"
,–°5,"8,00%",-,–£–°–õ–û–í–ò–ô –ù–ï–¢
,–°6üíä+üìç,"13,00%",-,–ü–õ–Æ–° 1 –ó–ê–†–Ø–ñ–ö–ê - –≠–¢–û –•–û–†–û–®–ê–Ø –ü–†–ò–ë–ê–í–ö–ê!
–ü–†–ò–ú–ï–†,–°1üíä,"16,00%",-,–ù–ê –°1 –°–ï–¢ –ü–û–î–ù–û–®–ï–ù–ò–ï –°–¢–ê–ù–û–í–ò–¢–¨–°–Ø –ó–ê–ú–ï–¢–ù–û –•–£–ñ–ï –§–†–ê–ì–ú–ï–ù–¢–ê!
–ö–õ–û–†–ò–ù–î–ê‚ö°Ô∏è,–°2üìç,"26,00%",-,–ù–ê –°2 3–∫ –°–ê –¢–ï–ü–ï–†–¨ –ù–ê–î–û –í–°–ï–ì–î–ê –ù–ê–ë–ò–†–ê–¢–¨! +–°–¢–û–ô–ö–û–°–¢–¨!
,–°3,"8,00%",-,–£–°–õ–û–í–ò–ô –ù–ï–¢
,–°4,"21,00%",-,–¢–ï–ü–ï–†–¨ –£–õ–¨–¢ –°–¢–ê–õ –ú–ê–°–¢ –•–≠–í –ö –ù–ê–ñ–ê–¢–ò–Æ! –£–†–û–ù –ü–†–ò–õ–ò–ß–ù–´–ô!
,–°5,"6,50%",-,–£–°–õ–û–í–ò–ô –ù–ï–¢
,–°6üî∂,"77,00%",-,"–õ–Æ–¢–ê–Ø –ò–ú–ë–ê! –£–†–û–ù, –°–¢–û–ô–ö–û–°–¢–¨, –ë–ï–°–°–ú–ï–†–¢–ò–ï! –¢–û–ü 2 –ö–û–ù–°–¢–ê –ò–ì–†–´!"
–ü–†–ò–ú–ï–†,–°1üíä,"6,00%",-,–ü–†–û–©–ï –í–´–ü–û–õ–ù–Ø–¢–¨ –°–ï–†–ò–Æ –£–î–ê–†–û–í –ò –ü–ï–†–°–û–ù–ê–ñ –ü–†–ò–Ø–¢–ù–ï–ô!
–°–ê–ô–ù–û‚ö°Ô∏è,–°2,"17,00%",-,–†–ê–ë–û–¢–ê–ï–¢ –°–¢–ê–ë–ò–õ–¨–ù–û! –î–ê–Å–¢ –ú–ù–û–ì–û
,–°3,"6,00%",-,–£–°–õ–û–í–ò–ô –ù–ï–¢
,–°4,-,15–ï,"15–ï –í–°–ï–ú, –ö–†–û–ú–ï –°–ê–ô–ù–û! –ö–û–ì–î–ê –ï–ú–£ –ù–ê–î–û –ë–û–õ–¨–®–ï –í–°–ï–•... –£–ú–ù–û!"
,–°5,"2,00%",-,–£–°–õ–û–í–ò–ô –ù–ï–¢
,–°6,"19,00%",-,–ó–í–£–ß–ò–¢ –•–û–†–û–®–û! –ù–û –ù–ê –î–ï–õ–ï –ü–†–ò–ë–ê–í–ö–ê –ù–ï –ë–û–õ–¨–®–ê–Ø...
,–°1,-,-,–û–ë–õ–ê–°–¢–¨ –£–õ–¨–¢–´ –ë–û–õ–¨–®–ï? –í–û–¢ –≠–¢–û –ú–£–°–û–†!
–°–ò–ù–û–ë–£‚ö°Ô∏è,–°2üìç+üî∂,"39,00%",-,–í–ï–ì–ê–¢–ê–¶–ò–Ø\–°–¢–ò–ú–£–õ–Ø–¶–ò–Ø\–≠–ù–ï–†–ì–ò–Ø –í–°–Å –ë–û–õ–¨–®–ï!
,–°3,"0,50%",-,–£–°–õ–û–í–ò–ô –ù–ï–¢
,–°4,"6,50%",-,–°–¢–ò–ú–£–õ–Ø–¶–ò–Ø\–≠–ù–ï–†–ì–ò–Ø –í–°–Å –ë–û–õ–¨–®–ï!
,–°5,"1,00%",-,–£–°–õ–û–í–ò–ô –ù–ï–¢
,–°6,"9,00%",-,–ê–ö–¢–ò–í–ê–¶–ò–Ø –ù–ï –û–ß–ï–ù–¨ –ß–ê–°–¢–ê–Ø! –ù–û –í –õ–Æ–ë–û–ú –°–õ–£–ß–ê–ï–ú –ë–´–í–ê–ï–¢
,–°1,-,-,"–ï–®–ö–ê –ë–´–°–¢–†–ï–ï –ö–î, –ù–£ –¢–ê–ö–û–ï..."
–°–ê–†–ê‚ö°Ô∏è,–°2üíä,"24,00%",-,–≠–ö–û–ù–û–ú–ò–¢ –í–†–ï–ú–Ø –ù–ê –†–û–¢–ê–¶–ò–Æ. –ß–¢–û –ö–†–£–¢–û!
,–°3,"13,00%",-,–£–°–õ–û–í–ò–ô –ù–ï–¢
,–°4,"17,50%",-,–ú–û–ñ–ï–¢ –ü–û–ö–ê–ó–ê–¢–¨–°–Ø –î–õ–Ø –ö–û–û–ü–∞! –ù–û –£–†–û–ù –†–ê–°–¢–Å–¢ –î–ê–ñ–ï –í –°–û–õ–û!
,–°5,"7,00%","4,00%",–ë–ê–§–§ –°–¢–ê–ù–û–í–ò–¢–¨–°–Ø –ß–£–¢–¨ –õ–£–ß–®–ï!
,–°6üî∂,"26,00%","20,00%","–ë–ê–§–§ –°–ï–ë–ï –ò –†–ê–ô–î–≠–ù! –î–ê, –¢–û–õ–¨–ö–û –†–ê–ô–î–≠–ù..."
,–°1,-,4–ï,–ö–û–ú–£-–¢–û –î–ê–°–¢ 4–ï –ò 20% –í–≠! –í –¶–ï–õ–û–ú –ù–ï –ü–õ–û–•–û
–ì–ì - –≠–õ–ï–ö–¢–†–û‚ö°Ô∏è,–°2üìç,"8,00%","6,50%","–°–ò–¢–£–ê–¶–ò–Ø –ö–ê–ö –° –ë–≠–ô –î–û–£ –°6, –ú–û–ù–û –≠–õ–ï–ö–¢–†–û –ü–û–ö–ê –ù–ï –í –¢–†–ï–ù–î–ï!"
,–°3,"7,00%",-,–£–°–õ–û–í–ò–ô –ù–ï–¢
,–°4,-,12–ï,–ù–£ —Ö2 –≠–ù–ï–†–ì–ò–Ø –° –ï–®–ö–ò. –°–û–ú–ù–ò–¢–ï–õ–¨–ù–ê–Ø –ê–ö–¢–ò–í–ê–¶–ò–Ø!
,–°5,"2,50%",-,–£–°–õ–û–í–ò–ô –ù–ï–¢
,–°6üî∂,"12,50%",-,4–ï –≠–ù–ï–†–ì–ò–ò –°–ï–ë–ï –ò –ù–ï–ú–ù–û–ì–û –£–†–û–ù–ê
,–°1,2–ï,-,10–ï –ü–†–û–¢–ò–í –¢–û–õ–ü–´... –ù–£ –ù–£! –¢–û–õ–ü–ê –ò –ì–ï–ù–®–ò–ù. –î–õ–Ø –ò–í–ï–ù–¢ –ú–û–ñ–ï–¢?
–õ–ò–ó–ê‚ö°Ô∏è,–°2,-,-,–ü–†–û–°–¢–û –ï–®–ö–ê –°–¢–ê–ù–û–í–ò–¢–°–Ø –ò–ì–†–ê–ë–ï–õ–¨–ù–ê! –í–û–¢ –ò –í–°–Å
,–°3,"15,00%",-,–£–°–õ–û–í–ò–ô –ù–ï–¢
,–°4,-,-,–ü–†–û–¢–ò–í –¢–û–õ–ü–´ –ö–û–ù–ï–ß–ù–û –¢–û–ü! –ù–û –í –û–î–ù–£ –¶–ï–õ–¨ –ù–ï–¢ –ò–ó–ú–ï–ù–ï–ù–ò–ô
,–°5,"3,00%",-,–£–°–õ–û–í–ò–ô –ù–ï–¢
,–°6,"11,00%",-,"–ï–®–ö–£ –ù–ê–ñ–ò–ú–ê–¢–¨ –ù–ê–î–û, –ê –ü–û–°–õ–ï –°6 –¢–û–ß–ù–û!"
,–°1,"6,00%",-,"–ê–ö–¢–ò–í–ê–¶–ò–Ø –õ–ï–ì–ö–ê–Ø, –î–ê–Å–¢ –£–†–û–ù–ê –ù–ï –ü–õ–û–•–û!"
–†–≠–ô–ó–û–†‚ö°Ô∏è,–°2,"6,00%",-,"–ê–ö–¢–ò–í–ê–¶–ò–Ø –†–ï–î–ö–ê–Ø, –ù–û –ü–†–ò–ë–ê–í–ö–ê –í–°–Å –†–ê–í–ù–û –ë–û–õ–¨–®–ê–Ø!"
,–°3,"4,00%",-,–£–°–õ–û–í–ò–ô –ù–ï–¢
,–°4üìç,"5,00%","8,00%",–ü–û –§–ê–ö–¢–£ –ö–õ–Æ–ß–ï–í–ê–Ø –ö–û–ù–°–¢–ê. –ë–ï–ó –ï–Å –ú–ù–û–ì–û –¢–ï–†–Ø–ï–¢!
,–°5,"5,00%",-,–£–°–õ–û–í–ò–ô –ù–ï–¢
,–°6üíä,"2,50%",-,"–í–´–ì–õ–Ø–î–ò–¢ –ö–†–£–¢–û, –ê –ù–ê –î–ï–õ–ï –ù–ò –°–¢–ê–¢–£–° –ù–ï –ù–ê–î–û, –ù–ò –£–†–û–ù–ê –ù–ï–¢..."
,–°1,-,-,–î–ê! –§–ò–ó–ê! –ì–û–£ –ì–û–£ –§–ò–ó–£ –í –ú–ê–°–°–´...
–§–ò–®–õ–¨‚ö°Ô∏è,–°2,"3,50%",-,–ü–†–û–©–ï –ü–û–ü–ê–°–¢–¨ –ü–û –ë–£–¢–û–ù–ê–ú. –ê –¢–ê–ö –£–†–û–ù–ê –ù–ï –û–ß–ï–ù–¨
,–°3,"8,00%",-,–£–°–õ–û–í–ò–ô –ù–ï–¢
,–°4,"2,50%",-,–£–õ–¨–¢–ê –¢–ï–ü–ï–†–¨ –ë–£–¢–û–ù–´ –¶–ï–ü–õ–Ø–ï–¢! –ß–¢–û –£–ñ–ï –•–û–†–û–®–û!
,–°5,"1,00%",-,–£–°–õ–û–í–ò–ô –ù–ï–¢
,–°6üìç,"28,00%",-,2 –£–î–ê–†–ê + –î–û–ü. –£–î–ê–†–´ = –õ–Æ–¢–ê–Ø –ò–ú–ë–ê –í–û –í–°–ï–• –ü–õ–ê–ù–ê–•!
–ü–†–ò–ú–ï–†,–°1,"1,50%",-,"–ü–û–ü–ê–°–¢–¨ –ù–ï –¢–ê–ö –õ–ï–ì–ö–û, –£–†–û–ù –ö–û–ü–ï–ô–ö–ò!"
–ö–≠ –¶–ò–ù‚ö°Ô∏è,–°2,2—á.,-,–î–ê–Å–¢ 2 –ß–ê–°–¢–ò–¶–´  –ó–ê –†–û–¢–ê–¶–ò–Æ. –≠–¢–û –í –°–†–ï–î–ù–ï–ú 8–ï –°–ï–ë–ï!
,–°3,"5,00%",-,–£–°–õ–û–í–ò–ô –ù–ï–¢
,–°4,"12,00%",-,"–†–ê–ë–û–¢–ê–ï–¢ –°–¢–ê–ë–ò–õ–¨–ù–û, –î–ê–Å–¢ –ú–ù–û–ì–û!"
,–°5,"5,00%",-,–£–°–õ–û–í–ò–ô –ù–ï–¢
,–°6,"11,00%",-,"–•–û–¢–¨ –†–ê–ë–û–¢–ê–ï–¢ –ù–ï –°–£–ü–ï–† –°–¢–ê–ë–ò–õ–¨–ù–û, –ù–û –î–ê–Å–¢ –ù–û–†–ú..."
–ü–†–ò–ú–ï–†,–°1,"3,00%",-,–õ–û–õ
–î–û–†–ò‚ö°Ô∏è,–°2,"19,00%",-,"–í–´–ì–õ–Ø–î–ò–¢ 19% –ü–†–ò–ë–ê–í–ö–ò –•–û–†–û–®–û, –ù–û –£–†–û–ù–ê –¢–ê–ú –ù–ï–¢!"
,–°3,"4,00%",-,–£–°–õ–û–í–ò–ô –ù–ï–¢
,–°4,-,-,"–ò–õ–ò –ñ–û–°–ö–ò–ô –•–ò–õ–õ, –ò–õ–ò 30% –í–≠ –ê–ö–¢–ò–ù–û–ú–£ –ü–ï–†–°–£! –ù–ï –ü–õ–û–•–û!"
,–°5,"3,00%",9–∫,–£–°–õ–û–í–ò–ô –ù–ï–¢
,–°6üíä+üìç,-,"6,8–∫",–¢–ï–ü–ï–†–¨ –ú–û–ñ–ù–û –° –§–£–†–ò–ù–û–ô –í –ë–£–¢–û–ù–ê–• –ò–ì–†–ê–¢–¨!
–ü–†–ò–ú–ï–†,–°1üî∂,"17,00%","14,00%",–í –¶–ï–õ–û–ú –õ–£–ù–ù–´–ô –ó–ê–†–Ø–î –°–¢–ê–ù–ï–¢ –õ–£–ß–®–ï –î–õ–Ø –í–°–ï–ô –ü–ê–ß–ö–ò –ù–ê 17%
–ò–ù–ï–§–§–ê‚ö°Ô∏è,–°2üî∂,"30,00%",-,–©–ò–¢ –î–õ–Ø –ö–û–û–ü–ê!? –ù–û –ó–ê–¢–û –£–†–û–ù–ê –î–ê–õ–ò –ö–£–ß–ê)
,–°3,"2,00%",-,–£–°–õ–û–í–ò–ô –ù–ï–¢
,–°4,20–ï,-,20–ï –ó–ê –†–û–¢–ê–¶–ò–Æ. –ü–û–°–õ–ï –ù–ê–¢–õ–ê–ù–ê –†–ê–°–°–õ–ê–ë–ò–õ–ò–°–¨? –ì–î–ï –ë–ê–§–§ –£–õ–¨–¢–´?
,–°5,"1,00%",-,–£–°–õ–û–í–ò–ô –ù–ï–¢
,–°6üî∂,"79,00%",-,5 –ú–û–©–ù–´–• –£–î–ê–†–û–í –° –ö–ê–†–ú–ê–ù–ê –î–û–ü–û–ú. –ú–û–©–ù–ê–Ø –®–¢–£–ö–ê!
–ü–†–ò–ú–ï–†,–°1üíä+üî∂,"33,00%",-,–î–ê–Å–¢ 3–π –ë–´–°–¢–†–´–ô –£–õ–¨–¢ –ò –ï–®–ö–£ + –î–ï–õ–ê–ï–¢ –ö–†–£–ß–ï –°–ò–ì–ù–£!
–§–õ–ò–ù–°‚ö°Ô∏è,–°2üî∂,"44,00%","19,00%",–î–û–ü. –õ–£–ù–ù–´–ô –£–î–ê–† + –ü–û–†–ï–ó–ö–ê –õ–Æ–¢–ê–Ø! –ß–¢–û –ò–ú–ë–ê...
,–°3,"21,00%",-,–£–°–õ–û–í–ò–ô –ù–ï–¢
,–°4,"24,00%",-,–ü–†–û–°–¢–û –ü–†–ò–Ø–¢–ù–´–ô –ë–û–ù–£–°! –ö–û–¢–û–†–´–ô –†–ê–ë–û–¢–ê–ï–¢ –í–°–ï–ì–î–ê
,–°5,"4,00%",-,–ù–ï –í–õ–ò–Ø–ï–¢ –ù–ê –°2
,–°6üî∂,"90,00%","8,00%",–°–ò–õ–¨–ù–´–ô –ë–ê–§–§ –°–ï–ë–ï –ò –í–°–ï–ô –ü–ê–ß–ö–ï –û–¢ –õ–£–ù–ù–´–• –ó–ê–†–Ø–ñ–ï–ù–ù–´–•!
–ü–†–ò–ú–ï–†,–°1üìç,"13,00%",–†–û–¢–ê–¢–ò–Ø,–ú–û–ñ–ù–û –£–ñ–ï –ò–ì–†–ê–¢–¨ –í –î–ê–ë–õ –°–¢–ò–•–ò–ò!
–ß–ê–°–ö–êüí®,–°2üíä+üî∂,"13,00%",–†–û–¢–ê–¶–ò–Ø,–ü–û–õ–ù–û–°–¢–¨–Æ –ú–ï–ù–Ø–ï–¢–°–Ø –†–û–¢–ê–¶–ò–Ø! –¢–ï–ü–ï–†–¨ –î–ê–ë–õ –£–ñ–ï –õ–£–ß–®–ï!
,–°3,"17,00%",-,–£–î–ò–í–ò–¢–ï–õ–¨–ù–û –ö–ê–ö +3 –î–ê–Æ–¢ –ë–û–õ–¨–®–ï –°1 –ò –°2!
,–°4,"3,00%",–†–û–¢–ê–¶–ò–Ø,9–ï + –î–û–ü. –£–†–û–ù –ü–û –ü–õ–û–©–ê–î–ò!
,–°5,"3,50%",-,–ù–ï –£–í–ï–õ–ò–ß–ò–í–ê–ï–¢ –£–†–û–ù –°4
,–°6üíä+üëë,"102,00%",-,–ü–û–®–õ–ê –í–û–ó–¨–ù–Ø! –¢–û–ü 1 –ö–û–ù–°–¢–ê –ò–ì–†–´!
,–°1,-,-,–°–¢–Ø–ñ–ö–ê –°–õ–ê–ë–ê–Ø. –¢–û–õ–ö–£ –ú–ê–õ–û!
–õ–ò–ù–ù–ï–¢üí®,–°2,"15,00%",-,–î–û–ü. –°–¢–ê–¢–£–° –û–¢ –£–õ–¨–¢–´! 
,–°3,"15,00%",-,–£–°–õ–û–í–ò–ô –ù–ï–¢
,–°4üíä+üî∂,"16,00%",-,"–î–í–ï –ï–®–ö–ò –≠–¢–û –•–û–†–û–®–û, –ù–û –¢–£–¢ –£–†–û–ù–ê –ù–ï –ú–ù–û–ì–û..."
,–°5,"7,00%",-,–£–°–õ–û–í–ò–ô –ù–ï–¢
,–°6üíä,"61,00%",-,–ú–û–ñ–ù–û –¢–ï–ü–ï–†–¨ –ö–ê–ö –î–†–ê–ô–í–ï–† –ò–ì–†–ê–¢–¨! –ù–û 20% –ê–ù–ï–ú–û –¢–û–ñ–ï –ü–†–ò–Ø–¢–ù–û!
–ü–†–ò–ú–ï–†,–°1,"10,00%",-,–ß–£–¢–¨ –ë–û–õ–¨–®–ï –£–†–û–ù–ê. –Ø –ë–´ –°–ö–ê–ó–ê–õ –ó–ê–ú–ï–ù–ê –°–ò–ì–ù–´
–°–¢–†–ê–ù–ù–ò–öüí®,–°2,"21,00%",-,–£–õ–¨–¢ –¢–ï–ü–ï–†–¨ –ù–ê–ß–ê–õ –ù–ê–í–ê–õ–ò–í–ê–¢–¨!
,–°3,"7,00%",-,–£–°–õ–û–í–ò–ô –ù–ï–¢
,–°4,"19,00%",-,"–†–ê–ù–î–û–ú –õ–Æ–¢–´–ô, –ü–û–≠–¢–û–ú–£ –î–ê–í–ê–ô–¢–ï –ü–û –ü–û–†–Ø–î–ö–£:"
,–°5,"4,00%",-,3 –í –û–ë–´–ß–ù–´–ï –£–î–ê–†–´ –ë–´–õ–û –ë–´ –õ–£–ß–®–ï... –ö–ê–ö –£ –†–ò–ó–õ–ò!
,–°6üî∂,"36,00%",-,–ö–£–ß–ê –ê–ù–ï–ú–û –£–î–ê–†–û–í! + –î–õ–ò–¢–ï–õ–¨–ù–û–°–¢–¨ –û–ü–Ø–¢–¨ –î–û–õ–¨–®–ï... –î–õ–Ø –ú–ò–†–ê!
,–°1,-,-,–ê–•–ê–ê–•! –°–Æ–î–ê –î–í–ï –ó–ê–†–Ø–ñ–ö–ò!
–§–ê–†–£–ó–ê–ùüí®,–°2üî∂,-,-,–î–õ–ò–¢–ï–õ–¨–ù–û–°–¢–¨ –ü–†–û–°–¢–û –ï–°–¢–¨... –ù–ê –°6 –û–ü–Ø–¢–¨ –ñ–ï –†–ê–°–ö–†–´–í–ê–ï–¢–°–Ø!
,–°3,"7,00%",-,–£–°–õ–û–í–ò–ô –ù–ï–¢
,–°4üî∂,14–ï,-,14–ï –ù–ê –°6! –î–û –°6 –ö–û–°–ù–¢–ê –ú–£–°–û–†...
,–°5,"10,00%","2,50%",–ë–ê–§–§ –°–¢–ê–ù–ï–¢ –°–ò–õ–¨–ù–ï–ô –ù–ï–ú–ù–û–ì–û!
,–°6üìç,"136,00%","37,00%",–≠–¢–û –ë–ê–ó–ê! –ë–ï–ó –°6 –ù–ï–ò–ì–†–ê–ë–ï–õ–¨–ù–´–ô –ü–ï–†–°–û–ù–ê–ñ –í–û–û–ë–©–ï!
,–°1,‚ùå,-,–ü–û –§–ê–ö–¢–£ –£–°–ö–û–†–Ø–ï–¢ –†–û–¢–ê–¶–ò–Æ! –ß–¢–û –î–ê–Å–¢ –ù–ï –ú–ê–õ–û!
–•–≠–ô–î–ó–ûüí®,–°2,-,-,–°–¢–Ø–ñ–ö–ê –ò –¢–ê–ö –ë–´–õ–ê –û–ö! –ù–û –¢–ï–ü–ï–†–¨ –û–ù–ê –°–¢–Ø–ì–ò–í–ê–ï–¢ –ü–†–ï–î–ú–ï–¢–´?
,–°3,"7,00%",-,–£–°–õ–û–í–ò–ô –ù–ï–¢
,–°4,"10,5–ï",-,10–ï –ü–û–°–õ–ï –£–õ–¨–¢–´. –£–õ–¨–¢ –ù–ï –î–û–†–û–ì–û–ô. –ù–ê–ñ–ê–¢–¨ –õ–ï–ì–ö–û!
,–°5,"4,00%",-,–£–°–õ–û–í–ò–ô –ù–ï–¢
,–°6,"11,00%",-,"–ö–†–ò–¢–´ –í –ï–®–ö–£ –ó–í–£–ß–ê–¢ –•–û–†–û–®–û, –ê –ù–ê –î–ï–õ–ï –¢–û–õ–ö–£ –ù–ï –ú–ù–û–ì–û..."
,–°1üìç,-,-,–ù–ê –°–ê–ú–û–ú –î–ï–õ–ï –û–ù–ê –ù–ï –ë–ï–ù –ò –î–ê–ñ–ï –ù–ï –ú–ò–î–ó–£–ö–ò. –ú–û–ñ–ù–û –ò –ë–ï–ó –°1
–°–ê–Æüí®,–°2,"2,50%",-,–ö–û–õ–ï–°–û –ö–ê–¢–ò–õ–û–°–¨ –ò –†–ê–ó–ë–ò–õ–û–°–¨...
,–°3,"1,00%",12–∫,–£–°–õ–û–í–ò–ô –ù–ï–¢
,–°4,"7,2–ï",,"7–ï –ö–û–ì–î–ê –ò–ì–†–ê–ï–ú –ö–ê–ö –î–†–ê–ô–í–ï–†! –ò–ì–†–ê–Ø –° –ö–ê–†–ú–ê–ù–ê 1–ï, –ù–£ –¢–ê–ö–û–ï..."
,–°5,"8,00%",-,–£–°–õ–û–í–ò–ô –ù–ï–¢
,–°6üíä,"8,00%",-,–í –î–†–ê–ô–í–ï –ú–´ –¢–ï–ü–ï–†–¨ –•–ò–õ–ò–ú –°–ò–õ–¨–ù–û! –ù–£ –ò –£–†–û–ù –ù–ï–ú–ù–û–ì–û –ë–û–õ–¨–®–ï
–ü–†–ò–ú–ï–†,–°1üî∂+üíä,"18,00%",-,–†–ï–®–ê–ï–¢ –ü–†–û–ë–õ–ï–ú–ê –°–û –°–¢–ê–ë–ò–õ–¨–ù–û–°–¢–¨–Æ!
–ö–ê–î–ó–£–•–êüí®,–°2üìç,"6,00%","19,00%",–ö–õ–Æ–ß–ï–í–û–ô –ë–ê–§–§! –ù–û –õ–£–ß–®–ï –°–ò–ì–ù–£ –ó–ê–ë–†–ê–¢–¨...
,–°3,"2,00%",-,–£–°–õ–û–í–ò–ô –ù–ï–¢
,–°4,7–ï,-,7–ï –ó–ê –î–í–ï –ï–®–ö–ò? –ù–£... –ü–û–ô–î–Å–¢! –ù–û –ó–ê–ß–ï–ú –ü–û–°–õ–ï –°1?
,–°5,"6,00%",-,–£–°–õ–û–í–ò–ô –ù–ï–¢
,–°6üíä,"67,00%",-,"–ù–ê –°–ê–ú–û–ú –î–ï–õ–ï –ë–ê–§–§ –ë–û–õ–¨–®–ï –î–õ–Ø –ü–†–´–ñ–ö–û–í –ï–®–ö–ò, –ê –ù–ï –î–†–ê–ô–í–ê!"
–ü–†–ò–ú–ï–†,–°1üíä+üî∂,"6,00%",-,–î–í–ï –ï–®–ö–ò –í–°–ï–ì–î–ê –•–û–†–û–®–û! –ù–û –í –ö–î –ù–ï–ú–ù–û–ì–û –ù–ï –í–ü–ò–°–´–í–ê–ï–ú–°–Ø...
–°–Ø–ûüí®,–°2,-,-,–ë–ï–°–ü–õ–ê–¢–ù–ê–Ø –ö–û–ù–°–¢–ê –£ –ê–ù–ï–ú–û –ì–ì –î–ê–Å–¢ –ë–û–õ–¨–®–ï –î–ê–ñ–ï... –°–ü–ê–°–ò–ë–û!
,–°3,"3,00%",-,–£–°–õ–û–í–ò–ô –ù–ï–¢
,–°4,-,-,–ó–ê–©–ò–¢–ê?! –°–ü–ê–°–ò–ë–ê –ö–ò–¢–ê–ô–¶–ê–ú –ó–ê –¢–ê–ö–ò–ï –ö–õ–ê–°–°–ù–´–ï –ö–û–ù–°–¢–´!
,–°5,"4,00%",-,"–î–ê, –£–†–û–ù –ü–û–ß–¢–ò –ù–ï –†–ê–°–¢–Å–¢..."
,–°6,‚ùå,-,–¢–û–õ–ü–£ –†–í–Å–¢! –•–û–¢–Ø –û–ù –ò –¢–ê–ö –†–í–ê–õ... –ù–£... –¢–û–ì–î–ê –ü–†–û–°–¢–û –ö–†–£–¢–û!
–ü–†–ò–ú–ï–†,–°1,"10,00%",-,"–ï–®–ö–ê –°–¢–ê–õ–ê –ß–£–¢–¨ –õ–£–ß–®–ï, –ù–û –ù–ï –ë–û–õ–ï–ï..."
–î–ñ–ò–ù–ùüí®,–°2üî∂,-,‚ùå,–î–õ–Ø –ü–ï–†–ï–ú–ï–©–ï–ù–ò–Ø –¢–û–ü! –ê –í –ë–û–Æ –¢–û–ñ–ï –ù–ï –ü–õ–û–•–û...
,–°3,"11,00%",12–∫,–£–°–õ–û–í–ò–ô –ù–ï–¢
,–°4üî∂,"30,00%","27,00%",–ó–ê–ú–ï–ù–Ø–ï–ú –¢–ï–ù–¨ –î–õ–Ø –ê–ù–ò–ú–ï–®–ù–ò–ö–û–í! –¢–ê–ö –°–ï–ë–ï –ü–û –°–¢–ê–ë–ò–õ–¨–ù–û–°–¢–ò
,–°5,"10,00%",-,–£–°–õ–û–í–ò–ô –ù–ï–¢
,–°6,-,-,"–°–¢–û–ô–ö–û–°–¢–¨ –ù–ï –î–ê–Å–¢, –¢–ê–ö –ß–ò–°–¢–û –í–´–ñ–ò–í–ê–ï–ú–û–°–¢–¨! –ß–¢–û –¢–ê–ö–û–ï –°–ï–ë–ï!"
,–°1üíä+üî∂,"6,00%",-,"–î–í–ï –ï–®–ö–ò –ö–†–£–¢–û –ö–û–ù–ï–ß–ù–û, –ù–û –ë–ï–ó –°4 –ò–õ–ò –¶–ï–†–ï–ú–û–ù–ê, –¢–ê–ö–û–ï..."
–°–ê–•–ê–†–û–ó–êüí®,–°2,"5,00%",-,"–ë–ê–ó–û–í–ê–Ø –ú–ï–•–ê–ù–ò–ö–ê, –ù–ï –ë–û–õ–ï–ï..."
,–°3,"2,00%",-,–£–°–õ–û–í–ò–ô –ù–ï–¢
,–°4üíä,‚ùå,-,"–ò–ì–†–ê–Ø –ö–ê–ö –î–†–ê–ô–í–ï–†, –¢–´ –£–ñ–ï –ü–û–î–ì–û–¢–ê–í–õ–ò–í–ê–ï–®–¨ –í–¢–û–†–£–Æ –ï–®–ö–£!"
,–°5,"3,00%",-,–£–°–õ–û–í–ò–ô –ù–ï–¢
,–°6üî∂,"1,00%","8,50%","–ë–ê–§–§ –ö–†–£–¢–û–ô, –ù–û –†–ï–ê–õ–ò–ó–û–í–ê–¢–¨ –¢–Ø–ñ–ö–û..."
,–°1,-,-,–°–¢–Ø–ñ–ö–ê? –°–õ–ê–ë–ê–Ø? –Ø –ì–û–í–û–†–Æ –î–ê! –î–ê–ô–¢–ï –î–í–ï!
–ì–ì - –ê–ù–ï–ú–ûüí®,–°2,-,-,–í–≠ –õ–ò–®–ù–ï–ô –ù–ï –ë–£–î–ï–¢!
,–°3,"9,00%",-,–£–°–õ–û–í–ò–ô –ù–ï–¢
,–°4,-,-,–ü–†–û–©–ï –ñ–ò–¢–¨ –í –ï–®–ö–ï? –ó–í–£–ß–ò–¢ –ö–ê–ö –°–ü–ê–°–ò–ë–û –ö–ò–¢–ê–ô–¶–´!
,–°5,"6,00%",-,–£–°–õ–û–í–ò–ô –ù–ï–¢
,–°6,"10,00%","9,00%","–ù–ï–î–û –°4 –î–ñ–ò–ù, –ò–õ–ò –ñ–ï –û–ì–†–´–ó–û–ö –¢–ï–ù–ò? –î–ï–ë–ê–§–§ –î–õ–ò–¢. 10 —Å–µ–∫."
–ü–†–ò–ú–ï–†,–°1üíä,"24,00%",5 –≠–ß,–ï–®–ö–ê –ò–ú–ï–ï–¢ –ö–î 12 —Å–µ–∫. –ê –ó–ù–ê–ß–ò–¢ –î–í–ï –ï–®–ö–ò –°–¢–ê–ë–ò–õ–¨–ù–û!
–°–Ø–ù–¨ –Æ–ù–¨üí®,–°2üî∂,"7,00%","26,50%",–ë–ê–§–§ –°–¢–ê–ù–û–í–ò–¢–¨–°–Ø –í 2 –†–ê–ó–ê –°–ò–õ–¨–ù–ï–ô!
,–°3,"11,00%",10–∫,"–£–†–û–ù –ü–û–ß–¢–ò –ù–ï –†–ê–°–¢–Å–¢, –ó–ê–¢–û –•–ò–õ–õ –°–¢–ê–ù–ï–¢ –ß–£–¢–¨ –õ–£–ß–®–ï"
,–°4,-,2-6–∫,–•–ò–õ–õ –° –ï–®–ö–ò. –í –¶–ï–õ–û–ú –ù–ê–î–û –¢–û–õ–¨–ö–û –ü–û–î –§–£–†–ò–ù–£
,–°5,"10,00%",-,–ù–ê–ß–ò–ù–ê–ï–¢ –†–ê–°–°–ö–†–´–í–ê–¢–¨–°–Ø –¢–û–õ–¨–ö–û –ù–ê –°6
,–°6üíä+üî∂,"2205,00%",-,–ú–û–ñ–ù–û –¢–ê–ö –ñ–ï –ü–û–î –£–õ–¨–¢–û–ô –ü–û–ß–¢–ò –ë–ï–°–ö–û–ù–ï–ß–ù–û –ü–†–´–ì–ê–¢–¨ –í –ú–ò–†–ï
,–°1,"11,00%",-,"–ü–û –û–ü–ò–°–ê–ù–ò–Æ –ù–ï –ü–û–ù–Ø–¢–ù–û, –ê –ù–ê –î–ï–õ–ï –£–†–û–ù –•–û–†–û–®–û –†–ê–°–¢–Å–¢"
–õ–ê–ù–¨ –Ø–ù–¨üí®,–°2üíä,-,-,–î–ï–õ–ê–ï–¢ –ë–ï–°–ö–û–ù–ï–ß–ù–ù–´–ô –©–ò–¢. –ï–°–õ–ò –ï–ì–û –ù–ï –°–ë–ò–¢–¨ –ó–ê 1 –£–î–ê–†!
,–°3,"4,00%",3–∫,–£–°–õ–û–í–ò–ô –ù–ï–¢
,–°4üî∂+üëë,"5,00%",‚ùå,–ö–û–ù–°–¢–ê –ú–ê–ö–°–ò–ú–ê–õ–¨–ù–û –ü–û–õ–ï–ó–ù–ê –í –¢–ê–ô–ó–ï–†–ï
,–°5,"5,00%",-,–£–°–õ–û–í–ò–ô –ù–ï–¢
,–°6üìç+üíä,"53,00%",-,–í–¢–û–†–ê–Ø –ï–®–ö–ê –ò–ú–ï–ù–ù–û –î–õ–Ø –õ–ê–ù–¨–ö–ò –≠–¢–û –ú–ï–ì–ê –ò–ú–ë–ê!
–ü–†–ò–ú–ï–†,–°1,"27,00%",-,–£–°–ò–õ–Ø–ï–¢ –¢–û–õ–¨–ö–û 3 –†–ê–°–°–ï–ò–í–ê–ù–ò–Ø!
–ú–ò–î–ó–£–ö–òüí®,–°2üî∂,-,"12,00%",–≠–õ–ï–ú–ï–ù–¢–ê–õ–ö–ê –†–ê–°–¢–Å–¢ –¢–û–õ–¨–ö–û –£ –ö–û–ú–ê–ù–î–´ –í–û –í–†–ï–ú–Ø –ï–®–ö–ò!
,–°3,"6,00%",-,–ï–®–ö–ê –ï–©–Å –†–ê–°–°–ï–ò–í–ê–ù–ò–ï –£–°–ò–õ–Ø–ï–¢. –ù–û –ß–ê–©–ï –í–°–ï–ì–û –¢–û–õ–¨–ö–û –ù–ê–ú!
,–°4üìç,-,20–ï,–î–ê–Å–¢ –ë–£–ö–í–ê–õ–¨–ù–û –ú–ï–ì–ê –ò–ì–†–ê–ë–ï–õ–¨–ù–´–ô –í–ó–†–´–í –°–¢–ò–•–ò–ô
,–°5,"1,00%","4,2–∫",–£–†–û–ù \ –•–ò–õ–õ –ù–ï–ú–ù–û–ì–û –†–ê–°–¢–Å–¢
,–°6üî∂,"28,00%",-,–£–†–û–ù –†–ê–°–°–ï–ò–í. –†–ê–°–¢–Å–¢ –¢–û–õ–¨–ö–û –í–û –í–†–ï–ú–Ø –ï–®–ö–ò!
–ü–†–ò–ú–ï–†,–°1,-,-,–ü–†–û–°–¢–û –õ–Æ–¢–´–ô –ö–†–ò–ù–ñ –ë–ï–°–ü–õ–ê–¢–ù–û–ì–û –ü–ï–†–°–û–ù–ê–ñ–ê
–í–ï–ù–¢–òüí®,–°2,"11,00%",6-11%,"–ê–ù–ï–ú–û –ü–û–†–ï–ó–ö–ê –õ–ê–î–ù–û, –ù–û –ü–û–î–ë–†–û–°–ò–¢–¨..."
,–°3,"12,00%",-,–°–¢–Ø–ñ–ö–ê –ù–ï –°–¢–ê–ù–û–í–ò–¢–°–Ø –°–ò–õ–¨–ù–ï–ô!!!
,–°4,"12,00%",-,"–ß–ê–°–¢–ò–¶–´ –õ–û–í–ò–ú –í–°–ï–ì–î–ê, –ê –ó–ù–ê–ß–ò–¢ –†–ê–ë–û–¢–ê–ï–¢ –ù–ê –í–ï–°–¨ –ù–ê–® –£–†–û–ù"
,–°5,"4,00%",-,–£–°–õ–û–í–ò–ô –ù–ï–¢
,–°6üî∂,"12,00%",11-21%,–î–ï–ë–ê–§–§ –î–õ–ò–¢–¨–°–Ø 10 —Å–µ–∫. –ü–û–°–õ–ï –ü–û–°–õ–ï–î–ù–ï–ì–û –£–î–ê–†–ê
,–°1,-,-,"12 –≠–ù–ï–†–ì–ò–ò –í –†–û–¢–ê–¶–ò–Æ, –ò–ù–û–ì–î–ê 18!"
–ò–§–êüí®,–°2üî∂+üìç,"4,00%",5-15%,–ï–°–õ–ò –ò–ì–†–ê–ï–ú –í –§–£–õ–õ –ó–ê–†–Ø–ñ–ö–ò. –¢–û –ö–ê–ñ–î–´–ô –ü–û–õ–£–ß–ò–¢ –ë–ê–§–§!
,–°3,"9,00%",-,"–•–ò–õ–õ –°–õ–ê–ë–´–ô, –ü–û–≠–¢–û–ú–£ –ü–†–ò–ë–ê–í–ö–ò –ú–ò–ó–ï–†–ù–ê–Ø"
,–°4,"2,50%",-,–û–ß–ï–ù–¨ –°–õ–ê–ë–ê–Ø –ü–†–ò–ë–ê–í–ö–ê –í–°–ï–ì–û...
,–°5,"3,00%",-,–£–°–õ–û–í–ò–ô –ù–ï–¢
,–°6üî∂+üìç,"13,00%",-,–ö–ê–ñ–î–´–ô –í–¢–û–†–û–ô –í–´–°–¢–†–ï–õ –í –ï–®–ö–ï –î–û–ü. –ü–£–õ–ï–ô –°–¢–†–ï–õ–Ø–ï–¢
,–°1,"32,00%",-,–£–î–ê–† –†–ò–ö–û–®–ï–¢–ò–¢ –ò –ü–û –û–î–ù–û–ô –¶–ï–õ–ï! –í –°–†–ï–î–ù–ï–ú –ë–£–î–ï–¢ 15 –£–î–ê–†–û–í
–Ø–ì–û–î–êüí®,–°2,-,-,–ß–ê–©–ï –í–°–ï–ì–û –ù–£–ñ–ù–´ –î–õ–Ø –ë–û–ù–£–°–ê –•–ò–õ–õ–ê –ü–û–î –§–£–†–ò–ù–û–ô!
,–°3,"3,00%",15–∫,–ü–†–û–°–¢–û –î–û–ü –•–ò–õ–õ
,–°4,-,-,8–ï\12–ï –í –°–†–ï–î–ù–ï–ú! –ù–ê –°–ê–ú–û–ú –î–ï–õ–ï –ú–ê–õ–û–í–ê–¢–û...
,–°5,"20,00%",-,–£–°–õ–û–í–ò–ô –ù–ï–¢
,–°6üî∂+üìç,"26,00%",-,–ë–ê–§–§ –†–ê–ë–û–¢–ê–ï–¢ –ù–ê –í–°–Æ –ü–ê–ß–ö–£ –ò –î–ê–ñ–ï –ë–ï–ó –§–£–õ–õ –ó–ê–ü–û–õ–ù–ï–ù–ò–Ø
–ü–†–ò–ú–ï–†,–°1,-,0.5,–°–¢–û–ô–ö–ê –î–õ–ò–¢–¨–°–Ø –î–û–õ–¨–®–ï. –ê –¢–ê–ö –ñ–ï –°–¢–û–ô–ö–û–°–¢–¨ –í –°–ê–ü –°–¢–û–ô–ö–ï
–®–ò–õ–û–ù–ï–ùüíé,–°2üî∂+üëë,"22,00%",25-50%,25% - –≠–¢–û –ú–ò–ù–ò–ú–£–ú 1 –ü–ï–†–°–û–ù–ê–ñ –ü–û–õ–£–ß–ê–ï–¢ –ü–û–õ–¨–ó–£
,–°3üëë,"6,00%",6-18%,6% - –û–î–ò–ù –î–î \ 18% - –¢–†–ò –î–î (–ù–ê–ü–†–ò–ú–ï–† + 2 –ö–ê–†–ú–ê–ù–ê)
,–°4üî∂+üëë,"16,00%","12,00%",–ü–û –ò–î–ï–ï –≠–¢–û –ö–ê–ñ–î–û–ú–£ 12%. –ù–û –ú–´ –ë–£–î–ï–ú –¢–û–õ–¨–ö–û –î–î –ë–ò–¢–¨
,–°5,"10,00%",10–∫,–£–°–õ–û–í–ò–ô –ù–ï–¢
,–°6üíä,"65,00%",3.5–∫,–ú–ê–°–° –•–ò–õ–õ –ò–ú–ë–ê! –ò –ü–†–ò–ë–ê–í–ö–ê –ö –ù–ê–®–ï–ú–£ –£–†–û–ù–£ –ù–ï –•–£–ñ–ï
–ü–†–ò–ú–ï–†,–°1,-,-,"18 –≠–ù–ï–†–ì–ò –∏ 6 —Å–µ–∫. –ö–î –ó–í–£–ß–ò–¢ –í–ö–£–°–ù–û, –ù–û –ù–ê –î–ï–õ–ï –ë–ï–°–ü–û–õ–ï–ó–ù–û!"
–ù–ê–í–ò–Øüíé,–°2,"12,00%",-,"–í–´–ì–õ–Ø–î–ò–¢ –ü–û–õ–ï–ó–ù–û, –ù–û –ù–ê –î–ï–õ–ï –ó–ê–ë–ê–õ–ê–ù–°–ò–¢–¨ –°–õ–û–ñ–ù–û..."
,–°3,"13,00%",-,–£–°–õ–û–í–ò–ô –ù–ï–¢
,–°4üî∂,"12,00%","12,00%","–ë–´–õ–û –ë–´ –ü–û–õ–ï–ó–ù–ï–ô, –ï–°–õ–ò –ë–´ –í–¢–û–†–û–ô –ì–ï–û –ë–´–õ –¢–û–ñ–ï –î–î"
,–°5,"2,00%",-,–£–°–õ–û–í–ò–ô –ù–ï–¢
,–°6,"32,00%",-,"–û–ü–Ø–¢–¨ –ñ–ï –ù–ê –ë–£–ú–ê–ì–ï –ö–†–£–¢–û, –ù–ê –î–ï–õ–ï –¢–û–õ–ö–£ –ú–ê–õ–û –ö–ê–ö –û–¢ –°6"
–ü–†–ò–ú–ï–†,–°1üìç,-,-,"–£–†–û–ù –ù–ï –†–ê–°–¢–Å–¢, –õ–ò–®–¨ –ì–ò–ë–ö–û–°–¢–¨ –ò –£–î–û–ë–°–¢–í–û"
–¢–ò–û–†–òüíé,–°2üî∂,"28,00%",-,"–£–†–û–ù –°–ò–õ–¨–ù–û –†–ê–°–¢–Å–¢, –û–°–¢–ê–õ–û–°–¨ –¢–û–õ–¨–ö–û –£–õ–¨–¢ –ù–ê–ñ–ò–ú–ê–¢–¨..."
,–°3üî∂,"20,00%",-,–£–†–û–ù –†–ê–°–¢–Å–¢ –£ –í–°–ï–• –ö–£–ö–õ –ò –ü1 –¢–û–ñ–ï
,–°4üî∂,"33,00%",-,"–ö–ê–ö –°2, –¢–û–õ–¨–ö–û –†–ê–ë–û–¢–ê–ï–¢ –°–¢–ê–ë–ò–õ–¨–ù–ï–ô –ò –î–ê–Å–¢ –ë–û–õ–¨–®–ï –ò–ó-–ó–ê –°3"
,–°5,"3,00%",-,–£–°–õ–û–í–ò–ô –ù–ï–¢
,–°6üíä+üî∂,"84,00%",-,"–ö–û–ù–°–¢–ê –ù–ï–û–ë–´–ß–ù–ê–Ø, –í–ï–î–¨ –ü–û –§–ê–ö–¢–£ –ò–ù–§–£–ó–ò–¶–ò–Ø –¢–ï–ü–ï–†–¨ –í–ï–ß–ù–ê"
,–°1,9–ï,-,9–ï –ó–ê –†–û–¢–ê–¶–ò–Æ –ü–û –ò–î–ï–ï –î–ê–°–¢! –î–ê–ô –ë–û–ì... –ü–õ–Æ–° –°–¢–Ø–ñ–ö–êüíé
–ö–ê–ß–ò–ù–êüíé,–°2,"20,00%",-,"–ü–û–õ–£–ß–ê–ï–ú –î–û–ü. –£–î–ê–†–´, –ö–ê–ö –° –ö–ê–†–ú–ê–ù–ê, –¢–ê–ö –ò –ù–ê –ü–û–õ–ï!"
,–°3,"13,00%",-,–£–°–õ–û–í–ò–ô –ù–ï–¢
,–°4,"5,00%","3,00%",–õ–ï–ì–ö–ò–ô –ë–ê–§–§ –ó–ê–©–ò–¢–´...
,–°5,"9,00%",-,–£–°–õ–û–í–ò–ô –ù–ï–¢
,–°6,"36,00%",-,–ì–ï–û –ê–¢–ï–ò–°–¢–´?! –ö–ê–ö –í–ê–ú? –ö–†–ò–°–°–¢–ê–õ–´ –î–ê–ú–ê–ñ–ê–¢!
,–°1,-,-,–í–ê–£! –ö–î –ï–®–ö–ò?! –°–ü–ê–°–ò–ë–û –ö–ò–¢–ê–ô–¶–´!
–Æ–ù–¨ –î–ó–ò–ù–¨üíé,–°2,-,"5,00%",–õ–ï–ì–ö–ò–ô –ë–ê–§–§ –ù–ï –ò–ù–ê–ß–ï...
,–°3,"8,00%",-,–£–°–õ–û–í–ò–ô –ù–ï–¢
,–°4,-,"1,50%","–£ –ù–ê–° –£–õ–¨–¢ –û–¢ –°–ê, –ò–ó-–ó–ê –ß–ï–ì–û –£–†–û–ù –ù–ï –†–ê–°–¢–Å–¢..."
,–°5,"10,00%","3,00%",–ù–ï–ú–ù–û–ì–û –õ–£–ß–®–ï –ë–ê–§–§
,–°6,-,‚ùå,–ü–†–û–°–¢–û –•–û–†–û–®–ò–ô –ë–ê–§–§! –ù–û –£–ñ–ï –°–õ–ê–ë–û–í–ê–¢ –ü–û –ú–ï–†–ö–ê–ú –ú–ï–¢–´...
,–°1,-,-,-2 —Å–µ–∫. –ö–î –ï–®–ö–ò? –ó–í–£–ß–ò–¢ –°–ò–õ–¨–ù–û! –í –ú–ï–ß–¢–ê–• –†–ê–ó–†–ê–ë...
–ì–û–†–ûüíé,–°2,"21,00%",-,–£–õ–¨–¢ 12 —Å–µ–∫.? –ò –¢–û –î–ê–ô –ë–û–ì! –í–ï–î–¨ –ù–ê–î–û –ù–ï –ú–û–ù–û –ì–ï–û!
,–°3,"2,00%","1,00%",–¢–û–õ–ö–£ –û–¢ –õ–í–õ –ú–ê–õ–û...
,–°4,-,7–∫,–ü–†–û–°–¢–û –ü–†–ò–Ø–¢–ù–´–ô –î–û–ü. –•–ò–õ! –ì–î–ï –ü–ï–†–°–û–ù–ê–ñ–ò –ò –¢–ê–ö –§–£–õ–õ –ó–ê–©–ò–¢–ê!
,–°5,16%%,-,–£–°–õ–û–í–ò–ô –ù–ï–¢
,–°6üìç+üî∂,"26,00%","10,00%",–ë–ê–§–§ –ù–ê –ö–†–ò–¢. –†–ê–ë–û–¢–ê–ï–¢ –ù–ê –í–°–Æ –ü–ê–ß–ö–£!
–ü–†–ò–ú–ï–†,–°1,‚ùå,-,"–ö–û–ù–°–¢–ê –ù–ï –î–õ–Ø –í–°–ï–•! –ö–û–ú–£-–¢–û –ü–û–ú–û–ì–ê–ï–¢, –ö–û–ú–£-–¢–û –¢–ê–ö–û–ï..."
–ò–¢–¢–ûüíé,–°2üìç,18–ï,-,"–≠–ù–ï–†–ì–ò–Ø –ù–ê–î–û 100%, –ê –û–¢ –ö–î –ö–û–ù–ï–ß–ù–û –¢–ê–ö–û–ï –°–ï–ë–ï... –ù–£ –õ–ê–î–ù–û!"
,–°3,"4,00%",-,–£–°–õ–û–í–ò–ô –ù–ï–¢
,–°4üî∂,"7,00%","7,00%",–ë–ê–§–§ –†–ê–ë–û–¢–ê–ï–¢ –¢–û–õ–¨–ö–û –ù–ê 2—é –†–û–¢–ê–¶–ò–Æ. –ó–ê–©–ò–¢–£ –ú–´ –§–ò–ö–°–ò–†–£–ï–ú!
,–°5,"12,00%",-,–†–ê–°–¢–Å–¢ –£–†–û–ù –í–°–ï–ì–û!
,–°6üî∂+üíä,"51,00%",-,–†–û–¢–ê–¶–ò–Ø –ë–£–î–ï–¢ –î–û–õ–¨–®–ï! –í–ï–î–¨ –≠–¢–û –ö–ê–ó–ò–ù–û –ù–ï–õ–¨–ó–Ø –û–°–¢–ê–ù–û–í–ò–¢–¨!
–ü–†–ò–ú–ï–†,–°1üî∂,12–ï,-,12–ï –ü–†–ò–ë–ê–í–ö–ê –ü–†–ò–Ø–¢–ù–ê–Ø! –•–û–¢–Ø –ë–´ –£–õ–¨–¢ –ù–ê–ñ–ú–Å–ú...
–ê–õ–¨–ë–ï–î–ûüíé,–°2,"13,00%",-,–°–¢–ê–ö–ò –õ–ï–ì–ö–û –ù–ê–ë–†–ê–¢–¨
,–°3,"25,00%",-,–£–°–õ–û–í–ò–ô –ù–ï–¢
,–°4,-,"9,00%",–ë–ê–§–§ –°–Ø–û? –ò–õ–ò –ú–ù–ï –ù–ê –ö–õ–ò –ü–†–´–ì–ê–¢–¨?
,–°5,"3,00%",-,–£–°–õ–û–í–ò–ô –ù–ï–¢
,–°6,"3,00%","7,00%",–°–ü–û–†–ù–û! –û–• –ö–ê–ö –°–ü–û–†–ù–û! –°–¢–ê–ë–ò–õ–¨–ù–û–°–¢–¨ –ü–û–î –í–û–ü–†–û–°–û–ú...
–ü–†–ò–ú–ï–†,–°1üíä,"9,00%",-,–ß–£–¢–¨ –ß–ê–©–ï –ë–£–î–ï–¢ –ë–ò–¢–¨ –°–¢–ï–õ–õ–ê! +–ê–ö–¢–ò–í–ê–¶–ò–Ø –ú–ò–õ–ï–õ–õ–ò–¢–ê!
–ß–ñ–£–ù –õ–òüíé,–°2,-,-,–ö–û–û–ü –í 1.1 –ü–†–û–¶–í–ï–¢–ê–õ –í–ò–î–ò–ú–û? –†–ê–ó –¢–£–¢ –¢–ê–ö–û–ï...
,–°3,"5,50%","2,2–∫",–£–°–õ–û–í–ò–ô –ù–ï–¢
,–°4,-,-,"–†–ê–î–ò–£–°, –ö–û–¢–û–†–´–ô –ò –¢–ê–ö –ù–ï –ú–ê–ó–ê–õ. –ò –°–¢–ê–ù –ö–û–¢–û–†–´–ô –ù–ï –†–ê–ë–û–¢–ê–ï–¢..."
,–°5,"9,00%",-,–£–°–õ–û–í–ò–ô –ù–ï–¢
,–°6,-,-,"–•–ò–õ –¢–ê–ú –ù–ï –ë–û–õ–¨–®–û–ô... –ê –ß–¢–û –í–ê–ñ–ù–ï–ô, –ê –ö–¢–û –©–ò–¢ –°–ë–ò–¢–¨ –ú–û–ñ–ï–¢?"
,–°1,-,-,–ß–¢–û? –ö–û–ì–û –ú–ê–°–°–û–í–´–ô? –≠–¢–û –ö–£–î–ê?
–ù–ò–ù –ì–£–ê–ùüíé,–°2üíä,"15,00%",-,–≠–ù–ï–†–ì–ò–ò –ë–û–õ–¨–®–ï –ù–ï –î–ê–°–¢! –¢–ê–ú –ö–î –ü–û–õ–£–ß–ï–ù–ò–Ø...
,–°3,"11,00%",-,–£–°–õ–û–í–ò–ô –ù–ï–¢
,–°4,-,-,–•–ê–•–ê–ê–•! –°–Æ–î–ê –≠–¢–ò –†–ï–ó–ò–°–¢–´!
,–°5,"6,00%",-,–£–°–õ–û–í–ò–ô –ù–ï–¢
,–°6,"16,00%",-,"–ù–ï –ü–õ–û–•–û, –ù–û –ö–ê–ö –ú–û–ñ–ù–û –£–í–ò–î–ï–¢–¨ –ü–û % –ù–ï –¢–ê–ö –ò –ú–ù–û–ì–û –î–ê–Å–¢..."
,–°1,-,-,"–°–¢–ê–ë–ò–õ–¨–ù–´–ô –•–ò–õ, –ù–£ –õ–ê–î–ù–û... –ë–ê–ó–û–í–ê–Ø –ú–ï–•–ê–ù–ò–ö–ê!"
–ù–û–≠–õ–õ–¨üíé,–°2,-,-,–ó–ê–†–Ø–ñ–ö–ê –ù–ï –î–õ–Ø –ù–ê–°...
,–°3,"1,00%","1,5–∫",–©–ò–¢ –ß–£–¢–¨ –ö–†–ï–ü–ß–ï + –ù–ï–ú–ù–û–ì–û –•–ò–õ–ê!
,–°4,"13,00%",-,–í –¶–ï–õ–û–ú –ü–û–ü–ê–°–¢–¨ –õ–ï–ì–ö–û
,–°5,"11,00%",-,–£–°–õ–û–í–ò–ô –ù–ï–¢
,–°6üìç+üî∂,"35,00%",-,–¢–ï–ü–ï–†–¨ –ú–û–ñ–ù–û –ò–ì–†–ê–¢–¨ –ö–ê–ö –î–î!
,–°1üìç+üëë,"6,00%","8,00%",–†–ê–ë–û–¢–ê–ï–¢ –ù–ê –í–°–Æ –ü–ê–ß–ö–£! –°–õ–û–ú –°–¢–ï–ù–´ –ë–ê–§–§ –ù–ï –°–ù–ò–ú–ê–ï–¢!
–ì–ì - –ì–ï–ûüíé,–°2,"61,00%",-,–ö–û–ì–î–ê-–¢–û –ï–®–ö–ê –î–û–°–¢–ê–ù–ï–¢ –í–†–ê–ì–ê! –ö–û–ì–î–ê-–¢–û...
,–°3,"13,00%",-,–£–°–õ–û–í–ò–ô –ù–ï–¢
,–°4,5–ï,-,5–ï –ù–ï –ë–£–î–ï–¢ –õ–ò–®–ù–ò–ú! –ü–†–û–¢–ò–í –¢–û–õ–ü–´ –ò–ó–ò –£–õ–¨–¢!
,–°5,"17,00%",-,–£–°–õ–û–í–ò–ô –ù–ï–¢
,–°6,-,-,–ß–ò–°–¢–û –ë–ê–§–§ –î–õ–Ø –°1 –ò –ù–ï –ë–û–õ–ï–ï!
–ü–†–ò–ú–ï–†,–°1üî∂,"20,00%",-,–ë–ê–§–§ –í –ú–ò–†–ï –ù–ê –°–ê–ú–û–ú –î–ï–õ–ï –û–ß–ï–ù–¨ –î–ê–ñ–ï –ü–û–õ–ï–ó–ù–´–ô!
–ö–ò–ù–ò–ß‚òòÔ∏è,–°2üî∂,"41,00%","22,00%","–°–ò–õ–¨–ù–ê–Ø –ü–†–ò–ë–ê–í–ö–ê –ö–ê–ö –°–ï–ë–ï, –¢–ê–ö –ò –í–¢–û–†–û–ú–£ –î–ï–ù–î–†–û!"
,–°3,"22,00%",-,–£–°–õ–û–í–ò–ô –ù–ï–¢
,–°4üî∂,"7,00%",-,"–í –°–†–ï–î–ù–ï–ú –î–ê–Å–¢ 20–ï, –ß–¢–û –ú–ï–ì–ê –ú–ù–û–ì–û!"
,–°5,"5,00%",-,–£–°–õ–û–í–ò–ô –ù–ï–¢
,–°6üî∂+üíä,"72,00%",-,–†–ò–ö–û–®–ï–¢ –†–ê–ë–û–¢–ê–ï–¢ –ò –í –û–î–ù–£ –¶–ï–õ–¨!
–ü–†–ò–ú–ï–†,–°1üìç,"38,50%",-,–ü–†–ò–ë–ê–í–ö–ê –î–ò–ö–ê–Ø! –ö–û–ù–°–¢–ê –ú–ï–ì–ê –ü–û–õ–ï–ó–ù–ê–Ø –ò –°–ò–õ–¨–ù–ê–Ø!
–≠–ú–ò–õ–ò–Ø‚òòÔ∏è,–°2üî∂,"30,00%","22,00%",–ë–ï–ó –î–†–ï–ú–£–ß–ö–ò –ë–ê–§–§ –õ–£–ß–®–ï! –ù–û –î–†–ï–ú–£–ß–ö–ê –ï–°–¢–¨ –í–°–ï–ì–î–ê...
,–°3,"10,00%",-,–£–†–û–ù –ü–£–®–ö–ò –° –ü1 –ù–ï –†–ê–°–¢–Å–¢!
,–°4üî∂,"31,00%",-,–û–ß–ï–ù–¨ –ü–û–õ–ï–ó–ù–ê–Ø –ö–û–ù–°–¢–ê! –ù–û –ü–£–®–ö–ê –†–ï–ñ–ï –°–¢–†–ï–õ–Ø–ï–¢...
,–°5,"4,00%",-,–£–°–õ–û–í–ò–ô –ù–ï–¢
,–°6üíä,"61,00%",-,"–í –¶–ï–õ–û–ú –ü–†–ò–ë–ê–í–ö–ê –•–û–†–û–®–ê–Ø, –ù–û –£–î–ê–†–û–í –ú–ê–õ–û–í–ê–¢–û..."
,–°1üî∂,"1,50%","6,50%","–í–´–ù–û–°–õ–ò–í–û–°–¢–¨ –î–ê–Å–¢ –ú–ù–û–ì–û, –î–ï–ù–î–†–û –ë–û–ù–£–° –¢–û–ñ–ï"
–Ø–û –Ø–û‚òòÔ∏è,–°2,15–ï,-,–ü–†–û–©–ï –ù–ê–ñ–ò–ú–ê–¢–¨ –£–õ–¨–¢
,–°3,"1,00%",-,–£–°–õ–û–í–ò–ô –ù–ï–¢
,–°4,"4,50%",-,"–ü–†–ò–ë–ê–í–ö–ê –•–û–¢–¨ –ò –°–ê–ú–ê–Ø –ë–û–õ–¨–®–ê–Ø, –ù–û –í–°–Å –†–ê–í–ù–û –ú–ò–ó–ï–†"
,–°5,"2,00%",-,–£–°–õ–û–í–ò–ô –ù–ï–¢
,–°6üìç,"1,50%",-,–°–¢–ê–¢–£–° + –•–ò–õ–õ = –û–ß–ï–ù–¨ –ü–û–õ–ï–ó–ù–ê–Ø –ö–û–ù–°–¢–ê. 1 –°–° –ó–ê –£–î–ê–†
,–°1,"21,00%",-,–î–û–ü. –°–¢–ê–¢–£ –ò –£–†–û–ù. –¢–ê–ö–û–ô –ù–ï–î–û –°4
–ö–ò–†–ê–†–ê‚òòÔ∏è,–°2,-,-,–í–ê–£! –ö–û–û–ü –©–ò–¢! –°–ü–ê–°–ò–ë–û –ó–ê –ë–ê–ó–û–í–£–Æ –ú–ï–•–ê–ù–ò–ö–£...
,–°3,"2,00%",3–∫,–£–°–õ–û–í–ò–ô –ù–ï–¢
,–°4üìç+üíä+üëë,"42,00%",-,3 –î–û–ü. –£–î–ê–†–ê –° –ö–ê–†–ú–ê–ù–ê = –•–û–†–û–®–ò–ô –°–¢–ê–¢–£–°! (1 –°–° –£–î–ê–†)
,–°5,"11,00%",-,–£–°–õ–û–í–ò–ô –ù–ï–¢
,–°6üî∂,"16,00%","5,00%",–°–¢–ê–ë–ò–õ–¨–ù–´–ô –ë–ê–§–§ –°–ï–ë–ï –ò –í–°–ï–ô –ü–ê–ß–ö–ï!
–ü–†–ò–ú–ï–†,–°1üî∂+üíä,"28,00%",36–∫,–î–í–ï –ï–®–ö–ò –≠–¢–û –í–°–ï–ì–î–ê –•–û–†–û–®–û!
–ë–ê–ô –î–ñ–£‚òòÔ∏è,–°2üíä,"48,50%",6–∫,"–°2 –°–ß–ò–¢–ê–ï–¢–°–Ø –ï–®–ö–ê, –ê –ó–ù–ê–ß–ò–¢ –ú–û–ñ–ù–û –ú–ò–õ–õ–ï–¢ –¢–ï–ü–ï–†–¨ –ù–û–°–ò–¢–¨!"
,–°3,"13,00%","7,2–∫",–£–°–õ–û–í–ò–ô –ù–ï–¢
,–°4,"1,00%","8,00%",–ë–ê–§–§ –ü–û–°–õ–ï –£–õ–¨–¢–´. –•–û–¢–¨ –ò –°–õ–ê–ë–û–í–ê–¢ –ö–ê–ö –î–õ–Ø –õ–ï–ì–´...
,–°5,"10,00%",16–∫,–£–°–õ–û–í–ò–ô –ù–ï–¢
,–°6üíä,"89,00%",-,–¢–ï–ü–ï–†–¨ –£ –ù–ê–° –ù–ê 9 –©–ò–¢–û–í –ë–û–õ–¨–®–ï! –ê –≠–¢–û –¢–û–ñ–ï –°–¢–ê–¢–£–°!
,–°1,-,-,–¢–ï–ü–ï–†–¨ –ú–´ –í –ë–£–¢–û–ù–ê–• –¢–û–ß–ù–û –ë–ï–°–ú–ï–†–¢–ù–´!
–ö–ê–í–ï–•‚òòÔ∏è,–°2,"18,00%",-,–ù–£ –í –¶–ï–õ–û–ú –°–ö–û–†–û–°–¢–¨ –ê–¢–ê–ö–ò –ù–£–ñ–ù–ê. –ù–û! –£–î–ê–†–û–í –ù–ï –¢–ê–ö –ú–ù–û–ì–û...
,–°3,"1,00%","1,00%",–ù–ï–ú–ù–û–ì–û –ë–£–î–ï–¢ –ë–ê–§–§ –õ–£–ß–®–ï...
,–°4,"3,00%",-,–ë–ê–§–§ –¢–û–õ–¨–ö–û –ù–ê–ú! –ò –¢–û–¢ –¢–ê–ö–û–ô –°–ï–ë–ï...
,–°5,"3,00%",-,–£–°–õ–û–í–ò–ô –ù–ï–¢
,–°6üìç,"5,50%",-,–ù–£ –õ–û–ü–ê–¢–¨ –ë–£–¢–û–ù–´ –û–¢ –£–î–ê–†–û–í –û–ë–´–ß–ù–´–•. –ù–ï –ü–õ–û–•–û!
–ü–†–ò–ú–ï–†,–°1,-,-,–ö–î –ï–®–ö–ò –ü–û–ú–û–ì–ê–ï–¢ –î–ï–õ–ê–¢–¨ –ë–´–°–¢–†–´–ï –†–û–¢–ê–¶–ò–ò!
–ê–õ–¨-–•–ê–ô–¢–ê–ú‚òòÔ∏è,–°2,"15,00%",-,–ó–ê–õ–ò–¢–¨ –°–ï–ë–ï –ú–° –ö–£–ß–ê! –ü–û–ß–ï–ú–£ –ë–´ –ù–ï–¢?
,–°3,"5,00%",-,–£–°–õ–û–í–ò–ô –ù–ï–¢
,–°4üî∂,"16,00%","9,00%",–•–û–†–û–®–ò–ô –ë–ê–§–§ –°–ï–ë–ï –ò –í–°–ï–ô –ü–ê–ß–ö–ï!
,–°5,"4,50%",-,–£–°–õ–û–í–ò–ô –ù–ï–¢
,–°6üî∂+üíä,"90,00%",-,"–ú–û–ñ–ù–û –ü–û –†–ê–ó–ù–û–ú–£ –ò–ì–†–ê–¢–¨, –ù–û –ü–†–û–©–ï –í–´–î–ê–¢–¨ –£–õ–¨–¢ –°–†–ê–ó–£"
–ü–†–ò–ú–ï–†,–°1,"10,00%",-,–ù–ê –°–ê–ú–û–ú –î–ï–õ–ï –í –ü–ò–†–û –ú–´ –†–ï–î–ö–û –ò–ì–†–ê–ï–ú... –ê –ó–ù–ê–ß–ò–¢ +–£–†–û–ù
–ù–ê–•–ò–î–ê‚òòÔ∏è,–°2üìç+üî∂,"19,50%","18,00%",–£–õ–¨–¢–†–ê –ë–û–õ–¨–®–û–ô –ë–ê–§–§ –í–°–ï–ô –ü–ê–ß–ö–ï! –ú–ê–°–¢ –•–≠–í –í –í–ï–ì–ï–¢–ê–¶–ò–ò!
,–°3,"10,00%",-,–£–°–õ–û–í–ò–ô –ù–ï–¢
,–°4,"12,00%",-,–ü–†–û–°–¢–û –î–û–ü. –£–†–û–ù –°–ï–ë–ï!
,–°5,"2,50%",-,–ù–£ –¢–ò–ü–ê –ö–ê–ö –°1 –¢–û–õ–¨–ö–û –•–£–ñ–ï –í –†–ê–ó–ê 4
,–°6üìç+üî∂,"72,00%",-,–£ –î–û–ü. –¢–†–ò–ö–ê–†–ú–´ –°–í–û–ô –°–¢–ê–¢–£–° –ó–ù–ê–ß–ò–¢ –ë–£–î–ï–¢ –°–¢–ò–ú–£–õ–Ø–¶–ò–Ø!
,–°1,-,-,20% –í–≠ –° –ö–ê–†–ú–ê–ù–ê... –ù–£–£–£. –¢–ò–ü–ê –ù–ï –ü–õ–û–•–û...
–ö–û–õ–õ–ï–ò‚òòÔ∏è,–°2,"12,00%",-,–ß–£–¢–¨ –°–¢–ê–¢–£–°–ê –ò –ß–£–¢–¨ –£–†–û–ù–ê!
,–°3,"3,00%",-,–£–°–õ–û–í–ò–ô –ù–ï–¢...
,–°4,-,"6,00%",–ë–ê–§–§ –ù–ê –°–ê–ú–û–ú –î–ï–õ–ï –ù–ï –ü–õ–û–•–û–ô!
,–°5,"10,00%",-,–£–°–õ–û–í–ò–ô –ù–ï–¢...
,–°6,"9,00%",-,"–ü–†–ò–ú–ï–†–ù–û –ö–ê–ö –°2, –ù–û –ú–û–ú–ï–ù–¢–ê–ú–ò –î–ê–ñ–ï –•–£–ñ–ï..."
–ü–†–ò–ú–ï–†,–°1,"7,00%",-,–ü–†–û–°–¢–û –ü–†–ò–Ø–¢–ù–´–ô –ë–ê–§–§
–¢–ò–ì–ù–ê–†–ò‚òòÔ∏è,–°2,"9,00%",-,"–ù–ï –ó–ê–ë–´–í–ê–ï–ú –ü–†–û –ë–ê–õ–ê–ù–° –°–¢–ê–¢–û–í, –í–ï–î–¨ –¢–ï–ü–ï–†–¨ –ê–§–§–ò–ö–°–ê –ú–ù–û–ì–û"
,–°3,"4,00%",-,–£–°–õ–û–í–ò–ô –ù–ï–¢...
,–°4üî∂,"15,00%","12,00%","–û–ß–ï–ù–¨ –ü–û–õ–ï–ó–ù–ê–Ø –ö–û–ù–°–¢–ê. –ö–ê–ö –î–õ–Ø –ù–ê–°, –¢–ê–ö –ò –î–õ–Ø –ü–ê–ß–ö–ò!"
,–°5,"0,50%",-,–£–°–õ–û–í–ò–ô –ù–ï–¢...
,–°6üíä+üî∂,"32,00%",-,–ö–ê–ñ–î–´–ô –î–û–ü. –í–´–°–¢–†–ï–õ –ò–ú–ï–ï–¢ –°–í–û–ô –°–¢–ê–¢–£–° - 1 –°–°(–ë–ï–ó –ö–î)
,–°1,"3,5–ï",-,"3,5–ï –ó–ê –ï–®–ö–£. –ù–£ –ü–†–û–°–¢–û –û–ö!"
–ì–ì - –î–ï–ù–î–†–û‚òòÔ∏è,–°2üìç,"14,00%",-,3 —Å–µ–∫. –°–¢–ê–¢–£–°–ê –ò –£–†–û–ù–ê = –¢–û–ü –ö–û–ù–°–¢–ê!
,–°3,"3,00%",-,–£–°–õ–û–í–ò–ô –ù–ï–¢...
,–°4,-,-,–ü2 –°–†–ê–ó–£ –î–ê–Å–¢ 30 –ú–° –ò –ú–ê–ö–° –ë–ê–§–§ –ù–ê–ë–ò–†–ê–ï–¢–°–Ø –ó–ê 5 —Å–µ–∫.
,–°5,"12,00%",-,–£–°–õ–û–í–ò–ô –ù–ï–¢...
,–°6,"8,00%","6,00%",–ó–ê–ß–ê–°–¢–£–Æ –ë–ê–§–§–ê–ï–¢ 1–≥–æ –î–ï–ù–î–†–û –ò 1–≥–æ –ì–ò–î–†–û\–≠–õ–ï–ö–¢–†–û
–ü–†–ò–ú–ï–†,–°1üíä+üìç,-,60–∫,"–ö–ê–ñ–î–´–ô –ë–£–¢–û–ù –•–ò–õ–ò–¢ 6–∫ –ê–ö–¢–ò–í–ù–û–ú–£ –ü–ï–†–°–£, –ö–ê–ñ–î–´–ï 2 —Å–µ–∫."
–õ–ê–£–ú–ê‚òòÔ∏è,–°2üî∂,"12,00%",12-20%,"–î–ï–õ–ê–ï–¢ –ë–ê–§–§ –£–õ–¨–¢–´ —Ö2, –ß–¢–û –ö–†–£–¢–û–ô –ë–ê–§–§!"
,–°3,"2,00%",2-4%,–ù–ï–ú–ù–û–ì–û –î–ï–õ–ê–ï–¢ –°–ò–õ–¨–ù–ï–ô –ë–£–¢–û–ù–´
,–°4,16–ï,-,–¢–ï–ü–ï–†–¨ –£–õ–¨–¢ –¢–û–ß–ù–û –ë–£–î–ï–¢ –°–¢–ê–ë–ò–õ–¨–ù–´–ô!
,–°5,"6,00%",-,–£–°–õ–û–í–ò–ô –ù–ï–¢...
,–°6üî∂,"70,00%","8,00%",70% –≠–¢–û –ö–ê–†–ú–ê–ù! –ê –¢–ê–ú –ò –ù–ê –ü–û–õ–ï –ú–û–ñ–ù–û –ë–ò–¢–¨! –ö–û–†–û–ß–ï –ò–ú–ë–ê!
–ü–†–ò–ú–ï–†,–°1,"28,00%",-,–ü–†–ò–Ø–¢–ù–ê–Ø –ü–†–ò–ë–ê–í–ö–ê. –†–ê–ë–û–¢–ê–ï–¢ –°–¢–ê–ë–ò–õ–¨–ù–û!
–ù–ï–§–ï–†‚òòÔ∏è,–°2,"37,00%",-,–ö–ê–ö–ê–Ø-–¢–û –î–ò–ö–ê–Ø –ü–†–ò–ë–ê–í–ö–ê. –ü–û–ö–ê –°–õ–û–ñ–ù–û –í–ï–†–ò–¢–°–Ø!
,–°3,"23,00%",-,–£–°–õ–û–í–ò–ô –ù–ï–¢...
,–°4,"33,50%","10,00%",–ü–†–ò–Ø–¢–ù–´–ô –ü–û–°–¢–û–Ø–ù–ù–´–ô –°–†–ï–ó. –õ–ò–®–ù–ò–ú –ù–ï –ë–£–î–ï–¢!
,–°5,"7,00%",-,–£–°–õ–û–í–ò–ô –ù–ï–¢...
,–°6,"74,50%",-,2 –î–û–ü. –£–î–ê–†–ê –í –ó–ê–†–ñ–ï–ù–ù–£–Æ + –î–ò–ö–ò–ô –†–ê–ó–ì–û–ù –õ–£–ù. –ë–£–¢–û–ù